stable_job_record_key,synthetic_flag,synthetic_version,job_family,synthetic_title,synthetic_description,year,synthetic_industry,synthetic_region,education_requirement,experience_requirement,salary_band_synthetic
SYN-JOB-00001,TRUE,phase1h1_five_dimension_v1,FINANCE,模拟FINANCE岗位0001,模拟职责文本：整理业务信息并形成可复核的工作说明。编号0001。,2024,INDUSTRY_C,REGION_B,ANY,UNKNOWN,LOW
SYN-JOB-00002,TRUE,phase1h1_five_dimension_v1,FINANCIAL_ANALYSIS,模拟FINANCIAL_ANALYSIS岗位0002,模拟职责文本：整理业务信息并形成可复核的工作说明。编号0002。,2024,INDUSTRY_B,REGION_C,UNKNOWN,1_TO_3,LOW
SYN-JOB-00003,TRUE,phase1h1_five_dimension_v1,AUDIT,模拟AUDIT岗位0003,模拟职责文本：整理业务信息并形成可复核的工作说明。编号0003。,2024,INDUSTRY_C,REGION_A,BACHELOR,ENTRY,HIGH
SYN-JOB-00004,TRUE,phase1h1_five_dimension_v1,CONSULTING_RESEARCH,模拟CONSULTING_RESEARCH岗位0004,模拟职责文本：整理业务信息并形成可复核的工作说明。编号0004。,2022,INDUSTRY_C,REGION_C,BACHELOR,ENTRY,LOW
SYN-JOB-00005,TRUE,phase1h1_five_dimension_v1,OPERATIONS_ANALYSIS,模拟OPERATIONS_ANALYSIS岗位0005,模拟职责文本：整理业务信息并形成可复核的工作说明。编号0005。,2023,INDUSTRY_B,REGION_A,BACHELOR,UNKNOWN,MID
SYN-JOB-00006,TRUE,phase1h1_five_dimension_v1,ACCOUNTING,模拟ACCOUNTING岗位0006,模拟职责文本：整理业务信息并形成可复核的工作说明。编号0006。,2024,INDUSTRY_C,REGION_B,UNKNOWN,UNKNOWN,HIGH
SYN-JOB-00007,TRUE,phase1h1_five_dimension_v1,FINANCE,模拟FINANCE岗位0007,模拟职责文本：整理业务信息并形成可复核的工作说明。编号0007。,2023,INDUSTRY_B,REGION_C,BACHELOR,1_TO_3,MID
SYN-JOB-00008,TRUE,phase1h1_five_dimension_v1,DATA_ANALYSIS,模拟DATA_ANALYSIS岗位0008,模拟职责文本：整理业务信息并形成可复核的工作说明。编号0008。,2025,INDUSTRY_C,REGION_A,ANY,UNKNOWN,HIGH
SYN-JOB-00009,TRUE,phase1h1_five_dimension_v1,FINANCIAL_ANALYSIS,模拟FINANCIAL_ANALYSIS岗位0009,模拟职责文本：整理业务信息并形成可复核的工作说明。编号0009。,2022,INDUSTRY_B,REGION_A,ANY,ENTRY,LOW
SYN-JOB-00010,TRUE,phase1h1_five_dimension_v1,OPERATIONS_ANALYSIS,模拟OPERATIONS_ANALYSIS岗位0010,模拟职责文本：整理业务信息并形成可复核的工作说明。编号0010。,2022,INDUSTRY_A,REGION_A,BACHELOR,UNKNOWN,LOW
SYN-JOB-00011,TRUE,phase1h1_five_dimension_v1,DIGITAL,模拟DIGITAL岗位0011,模拟职责文本：整理业务信息并形成可复核的工作说明。编号0011。,2023,INDUSTRY_C,REGION_C,UNKNOWN,ENTRY,LOW
SYN-JOB-00012,TRUE,phase1h1_five_dimension_v1,DATA_ANALYSIS,模拟DATA_ANALYSIS岗位0012,模拟职责文本：整理业务信息并形成可复核的工作说明。编号0012。,2022,INDUSTRY_B,REGION_A,UNKNOWN,UNKNOWN,LOW
SYN-JOB-00013,TRUE,phase1h1_five_dimension_v1,FINANCE,模拟FINANCE岗位0013,模拟职责文本：整理业务信息并形成可复核的工作说明。编号0013。,2025,INDUSTRY_A,REGION_C,BACHELOR,1_TO_3,LOW
SYN-JOB-00014,TRUE,phase1h1_five_dimension_v1,ACCOUNTING,模拟ACCOUNTING岗位0014,模拟职责文本：整理业务信息并形成可复核的工作说明。编号0014。,2022,INDUSTRY_A,REGION_A,ANY,UNKNOWN,LOW
SYN-JOB-00015,TRUE,phase1h1_five_dimension_v1,DIGITAL,模拟DIGITAL岗位0015,模拟职责文本：整理业务信息并形成可复核的工作说明。编号0015。,2025,INDUSTRY_A,REGION_C,ANY,UNKNOWN,NA_MISS
SYN-JOB-00016,TRUE,phase1h1_five_dimension_v1,AUDIT,模拟AUDIT岗位0016,模拟职责文本：整理业务信息并形成可复核的工作说明。编号0016。,2022,INDUSTRY_C,REGION_A,UNKNOWN,UNKNOWN,NA_MISS
SYN-JOB-00017,TRUE,phase1h1_five_dimension_v1,CONSULTING_RESEARCH,模拟CONSULTING_RESEARCH岗位0017,模拟职责文本：整理业务信息并形成可复核的工作说明。编号0017。,2025,INDUSTRY_A,REGION_B,ANY,UNKNOWN,NA_MISS
SYN-JOB-00018,TRUE,phase1h1_five_dimension_v1,AUDIT,模拟AUDIT岗位0018,模拟职责文本：整理业务信息并形成可复核的工作说明。编号0018。,2024,INDUSTRY_B,REGION_C,ANY,1_TO_3,LOW
SYN-JOB-00019,TRUE,phase1h1_five_dimension_v1,AUDIT,模拟AUDIT岗位0019,模拟职责文本：整理业务信息并形成可复核的工作说明。编号0019。,2024,INDUSTRY_C,REGION_B,ANY,UNKNOWN,LOW
SYN-JOB-00020,TRUE,phase1h1_five_dimension_v1,FINANCIAL_ANALYSIS,模拟FINANCIAL_ANALYSIS岗位0020,模拟职责文本：整理业务信息并形成可复核的工作说明。编号0020。,2023,INDUSTRY_A,REGION_B,ANY,1_TO_3,LOW
SYN-JOB-00021,TRUE,phase1h1_five_dimension_v1,FINANCIAL_ANALYSIS,模拟FINANCIAL_ANALYSIS岗位0021,模拟职责文本：整理业务信息并形成可复核的工作说明。编号0021。,2022,INDUSTRY_C,REGION_C,BACHELOR,1_TO_3,HIGH
SYN-JOB-00022,TRUE,phase1h1_five_dimension_v1,CONSULTING_RESEARCH,模拟CONSULTING_RESEARCH岗位0022,模拟职责文本：整理业务信息并形成可复核的工作说明。编号0022。,2023,INDUSTRY_A,REGION_B,BACHELOR,1_TO_3,HIGH
SYN-JOB-00023,TRUE,phase1h1_five_dimension_v1,ACCOUNTING,模拟ACCOUNTING岗位0023,模拟职责文本：整理业务信息并形成可复核的工作说明。编号0023。,2025,INDUSTRY_A,REGION_C,ANY,ENTRY,HIGH
SYN-JOB-00024,TRUE,phase1h1_five_dimension_v1,OPERATIONS_ANALYSIS,模拟OPERATIONS_ANALYSIS岗位0024,模拟职责文本：整理业务信息并形成可复核的工作说明。编号0024。,2025,INDUSTRY_B,REGION_A,UNKNOWN,ENTRY,MID
SYN-JOB-00025,TRUE,phase1h1_five_dimension_v1,AUDIT,模拟AUDIT岗位0025,模拟职责文本：整理业务信息并形成可复核的工作说明。编号0025。,2025,INDUSTRY_A,REGION_B,ANY,1_TO_3,MID
SYN-JOB-00026,TRUE,phase1h1_five_dimension_v1,DIGITAL,模拟DIGITAL岗位0026,模拟职责文本：整理业务信息并形成可复核的工作说明。编号0026。,2025,INDUSTRY_C,REGION_B,ANY,ENTRY,MID
SYN-JOB-00027,TRUE,phase1h1_five_dimension_v1,OPERATIONS_ANALYSIS,模拟OPERATIONS_ANALYSIS岗位0027,模拟职责文本：整理业务信息并形成可复核的工作说明。编号0027。,2023,INDUSTRY_B,REGION_A,ANY,1_TO_3,NA_MISS
SYN-JOB-00028,TRUE,phase1h1_five_dimension_v1,DATA_ANALYSIS,模拟DATA_ANALYSIS岗位0028,模拟职责文本：整理业务信息并形成可复核的工作说明。编号0028。,2023,INDUSTRY_C,REGION_B,BACHELOR,ENTRY,NA_MISS
SYN-JOB-00029,TRUE,phase1h1_five_dimension_v1,DIGITAL,模拟DIGITAL岗位0029,模拟职责文本：整理业务信息并形成可复核的工作说明。编号0029。,2023,INDUSTRY_C,REGION_A,ANY,1_TO_3,MID
SYN-JOB-00030,TRUE,phase1h1_five_dimension_v1,FINANCE,模拟FINANCE岗位0030,模拟职责文本：整理业务信息并形成可复核的工作说明。编号0030。,2025,INDUSTRY_C,REGION_B,BACHELOR,UNKNOWN,NA_MISS
SYN-JOB-00031,TRUE,phase1h1_five_dimension_v1,FINANCIAL_ANALYSIS,模拟FINANCIAL_ANALYSIS岗位0031,模拟职责文本：整理业务信息并形成可复核的工作说明。编号0031。,2022,INDUSTRY_C,REGION_A,ANY,1_TO_3,HIGH
SYN-JOB-00032,TRUE,phase1h1_five_dimension_v1,CONSULTING_RESEARCH,模拟CONSULTING_RESEARCH岗位0032,模拟职责文本：整理业务信息并形成可复核的工作说明。编号0032。,2022,INDUSTRY_C,REGION_B,UNKNOWN,ENTRY,MID
SYN-JOB-00033,TRUE,phase1h1_five_dimension_v1,ACCOUNTING,模拟ACCOUNTING岗位0033,模拟职责文本：整理业务信息并形成可复核的工作说明。编号0033。,2024,INDUSTRY_C,REGION_A,ANY,1_TO_3,MID
SYN-JOB-00034,TRUE,phase1h1_five_dimension_v1,ACCOUNTING,模拟ACCOUNTING岗位0034,模拟职责文本：整理业务信息并形成可复核的工作说明。编号0034。,2023,INDUSTRY_B,REGION_C,BACHELOR,1_TO_3,LOW
SYN-JOB-00035,TRUE,phase1h1_five_dimension_v1,ACCOUNTING,模拟ACCOUNTING岗位0035,模拟职责文本：整理业务信息并形成可复核的工作说明。编号0035。,2024,INDUSTRY_C,REGION_A,UNKNOWN,1_TO_3,HIGH
SYN-JOB-00036,TRUE,phase1h1_five_dimension_v1,DATA_ANALYSIS,模拟DATA_ANALYSIS岗位0036,模拟职责文本：整理业务信息并形成可复核的工作说明。编号0036。,2023,INDUSTRY_A,REGION_B,UNKNOWN,UNKNOWN,NA_MISS
SYN-JOB-00037,TRUE,phase1h1_five_dimension_v1,AUDIT,模拟AUDIT岗位0037,模拟职责文本：整理业务信息并形成可复核的工作说明。编号0037。,2025,INDUSTRY_C,REGION_A,ANY,UNKNOWN,NA_MISS
SYN-JOB-00038,TRUE,phase1h1_five_dimension_v1,FINANCE,模拟FINANCE岗位0038,模拟职责文本：整理业务信息并形成可复核的工作说明。编号0038。,2023,INDUSTRY_A,REGION_B,UNKNOWN,ENTRY,NA_MISS
SYN-JOB-00039,TRUE,phase1h1_five_dimension_v1,ACCOUNTING,模拟ACCOUNTING岗位0039,模拟职责文本：整理业务信息并形成可复核的工作说明。编号0039。,2023,INDUSTRY_A,REGION_C,ANY,UNKNOWN,NA_MISS
SYN-JOB-00040,TRUE,phase1h1_five_dimension_v1,FINANCE,模拟FINANCE岗位0040,模拟职责文本：整理业务信息并形成可复核的工作说明。编号0040。,2022,INDUSTRY_C,REGION_C,UNKNOWN,UNKNOWN,MID
SYN-JOB-00041,TRUE,phase1h1_five_dimension_v1,FINANCIAL_ANALYSIS,模拟FINANCIAL_ANALYSIS岗位0041,模拟职责文本：整理业务信息并形成可复核的工作说明。编号0041。,2022,INDUSTRY_C,REGION_C,BACHELOR,UNKNOWN,MID
SYN-JOB-00042,TRUE,phase1h1_five_dimension_v1,ACCOUNTING,模拟ACCOUNTING岗位0042,模拟职责文本：整理业务信息并形成可复核的工作说明。编号0042。,2022,INDUSTRY_A,REGION_B,UNKNOWN,UNKNOWN,LOW
SYN-JOB-00043,TRUE,phase1h1_five_dimension_v1,CONSULTING_RESEARCH,模拟CONSULTING_RESEARCH岗位0043,模拟职责文本：整理业务信息并形成可复核的工作说明。编号0043。,2024,INDUSTRY_B,REGION_B,UNKNOWN,UNKNOWN,LOW
SYN-JOB-00044,TRUE,phase1h1_five_dimension_v1,DATA_ANALYSIS,模拟DATA_ANALYSIS岗位0044,模拟职责文本：整理业务信息并形成可复核的工作说明。编号0044。,2023,INDUSTRY_A,REGION_B,ANY,UNKNOWN,NA_MISS
SYN-JOB-00045,TRUE,phase1h1_five_dimension_v1,FINANCIAL_ANALYSIS,模拟FINANCIAL_ANALYSIS岗位0045,模拟职责文本：整理业务信息并形成可复核的工作说明。编号0045。,2022,INDUSTRY_B,REGION_A,UNKNOWN,1_TO_3,HIGH
SYN-JOB-00046,TRUE,phase1h1_five_dimension_v1,FINANCIAL_ANALYSIS,模拟FINANCIAL_ANALYSIS岗位0046,模拟职责文本：整理业务信息并形成可复核的工作说明。编号0046。,2025,INDUSTRY_C,REGION_B,BACHELOR,ENTRY,MID
SYN-JOB-00047,TRUE,phase1h1_five_dimension_v1,DATA_ANALYSIS,模拟DATA_ANALYSIS岗位0047,模拟职责文本：整理业务信息并形成可复核的工作说明。编号0047。,2023,INDUSTRY_A,REGION_A,BACHELOR,1_TO_3,NA_MISS
SYN-JOB-00048,TRUE,phase1h1_five_dimension_v1,ACCOUNTING,模拟ACCOUNTING岗位0048,模拟职责文本：整理业务信息并形成可复核的工作说明。编号0048。,2022,INDUSTRY_B,REGION_C,BACHELOR,UNKNOWN,NA_MISS
SYN-JOB-00049,TRUE,phase1h1_five_dimension_v1,DIGITAL,模拟DIGITAL岗位0049,模拟职责文本：整理业务信息并形成可复核的工作说明。编号0049。,2025,INDUSTRY_B,REGION_B,BACHELOR,ENTRY,LOW
SYN-JOB-00050,TRUE,phase1h1_five_dimension_v1,ACCOUNTING,模拟ACCOUNTING岗位0050,模拟职责文本：整理业务信息并形成可复核的工作说明。编号0050。,2022,INDUSTRY_B,REGION_C,ANY,ENTRY,MID
SYN-JOB-00051,TRUE,phase1h1_five_dimension_v1,AUDIT,模拟AUDIT岗位0051,模拟职责文本：整理业务信息并形成可复核的工作说明。编号0051。,2025,INDUSTRY_A,REGION_B,BACHELOR,UNKNOWN,MID
SYN-JOB-00052,TRUE,phase1h1_five_dimension_v1,ACCOUNTING,模拟ACCOUNTING岗位0052,模拟职责文本：整理业务信息并形成可复核的工作说明。编号0052。,2022,INDUSTRY_C,REGION_B,ANY,ENTRY,HIGH
SYN-JOB-00053,TRUE,phase1h1_five_dimension_v1,CONSULTING_RESEARCH,模拟CONSULTING_RESEARCH岗位0053,模拟职责文本：整理业务信息并形成可复核的工作说明。编号0053。,2023,INDUSTRY_B,REGION_B,ANY,ENTRY,LOW
SYN-JOB-00054,TRUE,phase1h1_five_dimension_v1,OPERATIONS_ANALYSIS,模拟OPERATIONS_ANALYSIS岗位0054,模拟职责文本：整理业务信息并形成可复核的工作说明。编号0054。,2024,INDUSTRY_B,REGION_C,ANY,1_TO_3,HIGH
SYN-JOB-00055,TRUE,phase1h1_five_dimension_v1,DATA_ANALYSIS,模拟DATA_ANALYSIS岗位0055,模拟职责文本：整理业务信息并形成可复核的工作说明。编号0055。,2023,INDUSTRY_B,REGION_C,BACHELOR,UNKNOWN,MID
SYN-JOB-00056,TRUE,phase1h1_five_dimension_v1,CONSULTING_RESEARCH,模拟CONSULTING_RESEARCH岗位0056,模拟职责文本：整理业务信息并形成可复核的工作说明。编号0056。,2023,INDUSTRY_B,REGION_A,ANY,UNKNOWN,MID
SYN-JOB-00057,TRUE,phase1h1_five_dimension_v1,FINANCIAL_ANALYSIS,模拟FINANCIAL_ANALYSIS岗位0057,模拟职责文本：整理业务信息并形成可复核的工作说明。编号0057。,2022,INDUSTRY_A,REGION_B,UNKNOWN,UNKNOWN,NA_MISS
SYN-JOB-00058,TRUE,phase1h1_five_dimension_v1,OPERATIONS_ANALYSIS,模拟OPERATIONS_ANALYSIS岗位0058,模拟职责文本：整理业务信息并形成可复核的工作说明。编号0058。,2022,INDUSTRY_A,REGION_B,ANY,1_TO_3,HIGH
SYN-JOB-00059,TRUE,phase1h1_five_dimension_v1,ACCOUNTING,模拟ACCOUNTING岗位0059,模拟职责文本：整理业务信息并形成可复核的工作说明。编号0059。,2025,INDUSTRY_B,REGION_C,ANY,ENTRY,MID
SYN-JOB-00060,TRUE,phase1h1_five_dimension_v1,OPERATIONS_ANALYSIS,模拟OPERATIONS_ANALYSIS岗位0060,模拟职责文本：整理业务信息并形成可复核的工作说明。编号0060。,2024,INDUSTRY_A,REGION_C,UNKNOWN,ENTRY,MID
SYN-JOB-00061,TRUE,phase1h1_five_dimension_v1,FINANCIAL_ANALYSIS,模拟FINANCIAL_ANALYSIS岗位0061,模拟职责文本：整理业务信息并形成可复核的工作说明。编号0061。,2023,INDUSTRY_B,REGION_B,UNKNOWN,UNKNOWN,LOW
SYN-JOB-00062,TRUE,phase1h1_five_dimension_v1,AUDIT,模拟AUDIT岗位0062,模拟职责文本：整理业务信息并形成可复核的工作说明。编号0062。,2024,INDUSTRY_C,REGION_C,ANY,UNKNOWN,NA_MISS
SYN-JOB-00063,TRUE,phase1h1_five_dimension_v1,ACCOUNTING,模拟ACCOUNTING岗位0063,模拟职责文本：整理业务信息并形成可复核的工作说明。编号0063。,2022,INDUSTRY_B,REGION_A,UNKNOWN,1_TO_3,NA_MISS
SYN-JOB-00064,TRUE,phase1h1_five_dimension_v1,ACCOUNTING,模拟ACCOUNTING岗位0064,模拟职责文本：整理业务信息并形成可复核的工作说明。编号0064。,2023,INDUSTRY_C,REGION_B,BACHELOR,1_TO_3,LOW
SYN-JOB-00065,TRUE,phase1h1_five_dimension_v1,CONSULTING_RESEARCH,模拟CONSULTING_RESEARCH岗位0065,模拟职责文本：整理业务信息并形成可复核的工作说明。编号0065。,2025,INDUSTRY_B,REGION_A,BACHELOR,UNKNOWN,NA_MISS
SYN-JOB-00066,TRUE,phase1h1_five_dimension_v1,FINANCIAL_ANALYSIS,模拟FINANCIAL_ANALYSIS岗位0066,模拟职责文本：整理业务信息并形成可复核的工作说明。编号0066。,2024,INDUSTRY_A,REGION_C,BACHELOR,ENTRY,HIGH
SYN-JOB-00067,TRUE,phase1h1_five_dimension_v1,ACCOUNTING,模拟ACCOUNTING岗位0067,模拟职责文本：整理业务信息并形成可复核的工作说明。编号0067。,2025,INDUSTRY_B,REGION_C,ANY,ENTRY,NA_MISS
SYN-JOB-00068,TRUE,phase1h1_five_dimension_v1,DIGITAL,模拟DIGITAL岗位0068,模拟职责文本：整理业务信息并形成可复核的工作说明。编号0068。,2022,INDUSTRY_C,REGION_C,UNKNOWN,1_TO_3,LOW
SYN-JOB-00069,TRUE,phase1h1_five_dimension_v1,OPERATIONS_ANALYSIS,模拟OPERATIONS_ANALYSIS岗位0069,模拟职责文本：整理业务信息并形成可复核的工作说明。编号0069。,2024,INDUSTRY_B,REGION_C,UNKNOWN,ENTRY,LOW
SYN-JOB-00070,TRUE,phase1h1_five_dimension_v1,DIGITAL,模拟DIGITAL岗位0070,模拟职责文本：整理业务信息并形成可复核的工作说明。编号0070。,2025,INDUSTRY_A,REGION_C,BACHELOR,1_TO_3,NA_MISS
SYN-JOB-00071,TRUE,phase1h1_five_dimension_v1,AUDIT,模拟AUDIT岗位0071,模拟职责文本：整理业务信息并形成可复核的工作说明。编号0071。,2025,INDUSTRY_C,REGION_B,UNKNOWN,ENTRY,NA_MISS
SYN-JOB-00072,TRUE,phase1h1_five_dimension_v1,FINANCIAL_ANALYSIS,模拟FINANCIAL_ANALYSIS岗位0072,模拟职责文本：整理业务信息并形成可复核的工作说明。编号0072。,2023,INDUSTRY_B,REGION_B,BACHELOR,ENTRY,LOW
SYN-JOB-00073,TRUE,phase1h1_five_dimension_v1,DATA_ANALYSIS,模拟DATA_ANALYSIS岗位0073,模拟职责文本：整理业务信息并形成可复核的工作说明。编号0073。,2024,INDUSTRY_A,REGION_C,ANY,UNKNOWN,MID
SYN-JOB-00074,TRUE,phase1h1_five_dimension_v1,FINANCIAL_ANALYSIS,模拟FINANCIAL_ANALYSIS岗位0074,模拟职责文本：整理业务信息并形成可复核的工作说明。编号0074。,2025,INDUSTRY_B,REGION_C,BACHELOR,UNKNOWN,HIGH
SYN-JOB-00075,TRUE,phase1h1_five_dimension_v1,DATA_ANALYSIS,模拟DATA_ANALYSIS岗位0075,模拟职责文本：整理业务信息并形成可复核的工作说明。编号0075。,2025,INDUSTRY_C,REGION_C,UNKNOWN,UNKNOWN,LOW
SYN-JOB-00076,TRUE,phase1h1_five_dimension_v1,FINANCIAL_ANALYSIS,模拟FINANCIAL_ANALYSIS岗位0076,模拟职责文本：整理业务信息并形成可复核的工作说明。编号0076。,2024,INDUSTRY_B,REGION_A,BACHELOR,ENTRY,NA_MISS
SYN-JOB-00077,TRUE,phase1h1_five_dimension_v1,DATA_ANALYSIS,模拟DATA_ANALYSIS岗位0077,模拟职责文本：整理业务信息并形成可复核的工作说明。编号0077。,2024,INDUSTRY_A,REGION_A,UNKNOWN,UNKNOWN,LOW
SYN-JOB-00078,TRUE,phase1h1_five_dimension_v1,FINANCIAL_ANALYSIS,模拟FINANCIAL_ANALYSIS岗位0078,模拟职责文本：整理业务信息并形成可复核的工作说明。编号0078。,2024,INDUSTRY_B,REGION_A,ANY,1_TO_3,NA_MISS
SYN-JOB-00079,TRUE,phase1h1_five_dimension_v1,FINANCIAL_ANALYSIS,模拟FINANCIAL_ANALYSIS岗位0079,模拟职责文本：整理业务信息并形成可复核的工作说明。编号0079。,2022,INDUSTRY_A,REGION_B,BACHELOR,ENTRY,MID
SYN-JOB-00080,TRUE,phase1h1_five_dimension_v1,AUDIT,模拟AUDIT岗位0080,模拟职责文本：整理业务信息并形成可复核的工作说明。编号0080。,2022,INDUSTRY_C,REGION_C,ANY,ENTRY,LOW
SYN-JOB-00081,TRUE,phase1h1_five_dimension_v1,FINANCE,模拟FINANCE岗位0081,模拟职责文本：整理业务信息并形成可复核的工作说明。编号0081。,2024,INDUSTRY_C,REGION_B,ANY,ENTRY,HIGH
SYN-JOB-00082,TRUE,phase1h1_five_dimension_v1,OPERATIONS_ANALYSIS,模拟OPERATIONS_ANALYSIS岗位0082,模拟职责文本：整理业务信息并形成可复核的工作说明。编号0082。,2023,INDUSTRY_A,REGION_B,UNKNOWN,1_TO_3,HIGH
SYN-JOB-00083,TRUE,phase1h1_five_dimension_v1,OPERATIONS_ANALYSIS,模拟OPERATIONS_ANALYSIS岗位0083,模拟职责文本：整理业务信息并形成可复核的工作说明。编号0083。,2023,INDUSTRY_A,REGION_A,BACHELOR,ENTRY,NA_MISS
SYN-JOB-00084,TRUE,phase1h1_five_dimension_v1,FINANCE,模拟FINANCE岗位0084,模拟职责文本：整理业务信息并形成可复核的工作说明。编号0084。,2024,INDUSTRY_A,REGION_A,ANY,ENTRY,LOW
SYN-JOB-00085,TRUE,phase1h1_five_dimension_v1,DATA_ANALYSIS,模拟DATA_ANALYSIS岗位0085,模拟职责文本：整理业务信息并形成可复核的工作说明。编号0085。,2024,INDUSTRY_C,REGION_C,UNKNOWN,1_TO_3,HIGH
SYN-JOB-00086,TRUE,phase1h1_five_dimension_v1,CONSULTING_RESEARCH,模拟CONSULTING_RESEARCH岗位0086,模拟职责文本：整理业务信息并形成可复核的工作说明。编号0086。,2023,INDUSTRY_B,REGION_B,BACHELOR,UNKNOWN,HIGH
SYN-JOB-00087,TRUE,phase1h1_five_dimension_v1,OPERATIONS_ANALYSIS,模拟OPERATIONS_ANALYSIS岗位0087,模拟职责文本：整理业务信息并形成可复核的工作说明。编号0087。,2024,INDUSTRY_B,REGION_B,ANY,1_TO_3,NA_MISS
SYN-JOB-00088,TRUE,phase1h1_five_dimension_v1,ACCOUNTING,模拟ACCOUNTING岗位0088,模拟职责文本：整理业务信息并形成可复核的工作说明。编号0088。,2025,INDUSTRY_A,REGION_A,ANY,1_TO_3,MID
SYN-JOB-00089,TRUE,phase1h1_five_dimension_v1,FINANCIAL_ANALYSIS,模拟FINANCIAL_ANALYSIS岗位0089,模拟职责文本：整理业务信息并形成可复核的工作说明。编号0089。,2023,INDUSTRY_A,REGION_C,ANY,UNKNOWN,LOW
SYN-JOB-00090,TRUE,phase1h1_five_dimension_v1,OPERATIONS_ANALYSIS,模拟OPERATIONS_ANALYSIS岗位0090,模拟职责文本：整理业务信息并形成可复核的工作说明。编号0090。,2022,INDUSTRY_A,REGION_A,UNKNOWN,1_TO_3,LOW
SYN-JOB-00091,TRUE,phase1h1_five_dimension_v1,DIGITAL,模拟DIGITAL岗位0091,模拟职责文本：整理业务信息并形成可复核的工作说明。编号0091。,2025,INDUSTRY_C,REGION_B,ANY,UNKNOWN,HIGH
SYN-JOB-00092,TRUE,phase1h1_five_dimension_v1,OPERATIONS_ANALYSIS,模拟OPERATIONS_ANALYSIS岗位0092,模拟职责文本：整理业务信息并形成可复核的工作说明。编号0092。,2025,INDUSTRY_A,REGION_C,UNKNOWN,1_TO_3,NA_MISS
SYN-JOB-00093,TRUE,phase1h1_five_dimension_v1,ACCOUNTING,模拟ACCOUNTING岗位0093,模拟职责文本：整理业务信息并形成可复核的工作说明。编号0093。,2024,INDUSTRY_C,REGION_A,ANY,ENTRY,LOW
SYN-JOB-00094,TRUE,phase1h1_five_dimension_v1,DIGITAL,模拟DIGITAL岗位0094,模拟职责文本：整理业务信息并形成可复核的工作说明。编号0094。,2022,INDUSTRY_B,REGION_A,BACHELOR,1_TO_3,MID
SYN-JOB-00095,TRUE,phase1h1_five_dimension_v1,DATA_ANALYSIS,模拟DATA_ANALYSIS岗位0095,模拟职责文本：整理业务信息并形成可复核的工作说明。编号0095。,2023,INDUSTRY_A,REGION_C,ANY,ENTRY,NA_MISS
SYN-JOB-00096,TRUE,phase1h1_five_dimension_v1,AUDIT,模拟AUDIT岗位0096,模拟职责文本：整理业务信息并形成可复核的工作说明。编号0096。,2023,INDUSTRY_B,REGION_B,UNKNOWN,1_TO_3,NA_MISS
SYN-JOB-00097,TRUE,phase1h1_five_dimension_v1,ACCOUNTING,模拟ACCOUNTING岗位0097,模拟职责文本：整理业务信息并形成可复核的工作说明。编号0097。,2024,INDUSTRY_B,REGION_B,BACHELOR,UNKNOWN,MID
SYN-JOB-00098,TRUE,phase1h1_five_dimension_v1,OPERATIONS_ANALYSIS,模拟OPERATIONS_ANALYSIS岗位0098,模拟职责文本：整理业务信息并形成可复核的工作说明。编号0098。,2023,INDUSTRY_A,REGION_C,UNKNOWN,UNKNOWN,NA_MISS
SYN-JOB-00099,TRUE,phase1h1_five_dimension_v1,OPERATIONS_ANALYSIS,模拟OPERATIONS_ANALYSIS岗位0099,模拟职责文本：整理业务信息并形成可复核的工作说明。编号0099。,2025,INDUSTRY_B,REGION_B,UNKNOWN,1_TO_3,NA_MISS
SYN-JOB-00100,TRUE,phase1h1_five_dimension_v1,FINANCIAL_ANALYSIS,模拟FINANCIAL_ANALYSIS岗位0100,模拟职责文本：整理业务信息并形成可复核的工作说明。编号0100。,2023,INDUSTRY_A,REGION_A,UNKNOWN,UNKNOWN,NA_MISS
SYN-JOB-00101,TRUE,phase1h1_five_dimension_v1,DATA_ANALYSIS,模拟DATA_ANALYSIS岗位0101,模拟职责文本：整理业务信息并形成可复核的工作说明。编号0101。,2023,INDUSTRY_A,REGION_B,BACHELOR,ENTRY,LOW
SYN-JOB-00102,TRUE,phase1h1_five_dimension_v1,CONSULTING_RESEARCH,模拟CONSULTING_RESEARCH岗位0102,模拟职责文本：整理业务信息并形成可复核的工作说明。编号0102。,2022,INDUSTRY_B,REGION_A,UNKNOWN,UNKNOWN,MID
SYN-JOB-00103,TRUE,phase1h1_five_dimension_v1,FINANCIAL_ANALYSIS,模拟FINANCIAL_ANALYSIS岗位0103,模拟职责文本：整理业务信息并形成可复核的工作说明。编号0103。,2022,INDUSTRY_C,REGION_C,ANY,1_TO_3,HIGH
SYN-JOB-00104,TRUE,phase1h1_five_dimension_v1,FINANCE,模拟FINANCE岗位0104,模拟职责文本：整理业务信息并形成可复核的工作说明。编号0104。,2022,INDUSTRY_B,REGION_A,UNKNOWN,ENTRY,NA_MISS
SYN-JOB-00105,TRUE,phase1h1_five_dimension_v1,DATA_ANALYSIS,模拟DATA_ANALYSIS岗位0105,模拟职责文本：整理业务信息并形成可复核的工作说明。编号0105。,2023,INDUSTRY_C,REGION_B,ANY,1_TO_3,NA_MISS
SYN-JOB-00106,TRUE,phase1h1_five_dimension_v1,FINANCIAL_ANALYSIS,模拟FINANCIAL_ANALYSIS岗位0106,模拟职责文本：整理业务信息并形成可复核的工作说明。编号0106。,2024,INDUSTRY_A,REGION_C,ANY,UNKNOWN,HIGH
SYN-JOB-00107,TRUE,phase1h1_five_dimension_v1,FINANCE,模拟FINANCE岗位0107,模拟职责文本：整理业务信息并形成可复核的工作说明。编号0107。,2023,INDUSTRY_B,REGION_C,ANY,UNKNOWN,MID
SYN-JOB-00108,TRUE,phase1h1_five_dimension_v1,OPERATIONS_ANALYSIS,模拟OPERATIONS_ANALYSIS岗位0108,模拟职责文本：整理业务信息并形成可复核的工作说明。编号0108。,2024,INDUSTRY_A,REGION_C,BACHELOR,1_TO_3,LOW
SYN-JOB-00109,TRUE,phase1h1_five_dimension_v1,FINANCIAL_ANALYSIS,模拟FINANCIAL_ANALYSIS岗位0109,模拟职责文本：整理业务信息并形成可复核的工作说明。编号0109。,2024,INDUSTRY_A,REGION_B,BACHELOR,ENTRY,HIGH
SYN-JOB-00110,TRUE,phase1h1_five_dimension_v1,DATA_ANALYSIS,模拟DATA_ANALYSIS岗位0110,模拟职责文本：整理业务信息并形成可复核的工作说明。编号0110。,2022,INDUSTRY_B,REGION_C,UNKNOWN,UNKNOWN,LOW
SYN-JOB-00111,TRUE,phase1h1_five_dimension_v1,OPERATIONS_ANALYSIS,模拟OPERATIONS_ANALYSIS岗位0111,模拟职责文本：整理业务信息并形成可复核的工作说明。编号0111。,2022,INDUSTRY_A,REGION_A,ANY,ENTRY,HIGH
SYN-JOB-00112,TRUE,phase1h1_five_dimension_v1,FINANCIAL_ANALYSIS,模拟FINANCIAL_ANALYSIS岗位0112,模拟职责文本：整理业务信息并形成可复核的工作说明。编号0112。,2024,INDUSTRY_C,REGION_B,UNKNOWN,UNKNOWN,LOW
SYN-JOB-00113,TRUE,phase1h1_five_dimension_v1,FINANCIAL_ANALYSIS,模拟FINANCIAL_ANALYSIS岗位0113,模拟职责文本：整理业务信息并形成可复核的工作说明。编号0113。,2022,INDUSTRY_B,REGION_A,ANY,ENTRY,NA_MISS
SYN-JOB-00114,TRUE,phase1h1_five_dimension_v1,AUDIT,模拟AUDIT岗位0114,模拟职责文本：整理业务信息并形成可复核的工作说明。编号0114。,2022,INDUSTRY_B,REGION_C,UNKNOWN,ENTRY,MID
SYN-JOB-00115,TRUE,phase1h1_five_dimension_v1,FINANCIAL_ANALYSIS,模拟FINANCIAL_ANALYSIS岗位0115,模拟职责文本：整理业务信息并形成可复核的工作说明。编号0115。,2024,INDUSTRY_C,REGION_A,ANY,ENTRY,HIGH
SYN-JOB-00116,TRUE,phase1h1_five_dimension_v1,FINANCIAL_ANALYSIS,模拟FINANCIAL_ANALYSIS岗位0116,模拟职责文本：整理业务信息并形成可复核的工作说明。编号0116。,2022,INDUSTRY_C,REGION_A,BACHELOR,UNKNOWN,HIGH
SYN-JOB-00117,TRUE,phase1h1_five_dimension_v1,DATA_ANALYSIS,模拟DATA_ANALYSIS岗位0117,模拟职责文本：整理业务信息并形成可复核的工作说明。编号0117。,2025,INDUSTRY_B,REGION_C,BACHELOR,UNKNOWN,MID
SYN-JOB-00118,TRUE,phase1h1_five_dimension_v1,DATA_ANALYSIS,模拟DATA_ANALYSIS岗位0118,模拟职责文本：整理业务信息并形成可复核的工作说明。编号0118。,2023,INDUSTRY_A,REGION_B,ANY,ENTRY,MID
SYN-JOB-00119,TRUE,phase1h1_five_dimension_v1,FINANCIAL_ANALYSIS,模拟FINANCIAL_ANALYSIS岗位0119,模拟职责文本：整理业务信息并形成可复核的工作说明。编号0119。,2022,INDUSTRY_C,REGION_C,ANY,UNKNOWN,HIGH
SYN-JOB-00120,TRUE,phase1h1_five_dimension_v1,OPERATIONS_ANALYSIS,模拟OPERATIONS_ANALYSIS岗位0120,模拟职责文本：整理业务信息并形成可复核的工作说明。编号0120。,2025,INDUSTRY_C,REGION_A,BACHELOR,1_TO_3,HIGH
SYN-JOB-00121,TRUE,phase1h1_five_dimension_v1,AUDIT,模拟AUDIT岗位0121,模拟职责文本：整理业务信息并形成可复核的工作说明。编号0121。,2022,INDUSTRY_A,REGION_A,ANY,ENTRY,LOW
SYN-JOB-00122,TRUE,phase1h1_five_dimension_v1,FINANCE,模拟FINANCE岗位0122,模拟职责文本：整理业务信息并形成可复核的工作说明。编号0122。,2024,INDUSTRY_A,REGION_C,BACHELOR,1_TO_3,LOW
SYN-JOB-00123,TRUE,phase1h1_five_dimension_v1,FINANCIAL_ANALYSIS,模拟FINANCIAL_ANALYSIS岗位0123,模拟职责文本：整理业务信息并形成可复核的工作说明。编号0123。,2023,INDUSTRY_A,REGION_C,ANY,UNKNOWN,LOW
SYN-JOB-00124,TRUE,phase1h1_five_dimension_v1,FINANCIAL_ANALYSIS,模拟FINANCIAL_ANALYSIS岗位0124,模拟职责文本：整理业务信息并形成可复核的工作说明。编号0124。,2023,INDUSTRY_B,REGION_A,UNKNOWN,ENTRY,LOW
SYN-JOB-00125,TRUE,phase1h1_five_dimension_v1,FINANCE,模拟FINANCE岗位0125,模拟职责文本：整理业务信息并形成可复核的工作说明。编号0125。,2023,INDUSTRY_C,REGION_C,UNKNOWN,ENTRY,HIGH
SYN-JOB-00126,TRUE,phase1h1_five_dimension_v1,ACCOUNTING,模拟ACCOUNTING岗位0126,模拟职责文本：整理业务信息并形成可复核的工作说明。编号0126。,2023,INDUSTRY_C,REGION_C,ANY,ENTRY,LOW
SYN-JOB-00127,TRUE,phase1h1_five_dimension_v1,OPERATIONS_ANALYSIS,模拟OPERATIONS_ANALYSIS岗位0127,模拟职责文本：整理业务信息并形成可复核的工作说明。编号0127。,2022,INDUSTRY_B,REGION_A,ANY,UNKNOWN,HIGH
SYN-JOB-00128,TRUE,phase1h1_five_dimension_v1,DATA_ANALYSIS,模拟DATA_ANALYSIS岗位0128,模拟职责文本：整理业务信息并形成可复核的工作说明。编号0128。,2022,INDUSTRY_A,REGION_A,BACHELOR,UNKNOWN,HIGH
SYN-JOB-00129,TRUE,phase1h1_five_dimension_v1,CONSULTING_RESEARCH,模拟CONSULTING_RESEARCH岗位0129,模拟职责文本：整理业务信息并形成可复核的工作说明。编号0129。,2025,INDUSTRY_C,REGION_C,ANY,1_TO_3,LOW
SYN-JOB-00130,TRUE,phase1h1_five_dimension_v1,CONSULTING_RESEARCH,模拟CONSULTING_RESEARCH岗位0130,模拟职责文本：整理业务信息并形成可复核的工作说明。编号0130。,2024,INDUSTRY_B,REGION_C,ANY,ENTRY,NA_MISS
SYN-JOB-00131,TRUE,phase1h1_five_dimension_v1,CONSULTING_RESEARCH,模拟CONSULTING_RESEARCH岗位0131,模拟职责文本：整理业务信息并形成可复核的工作说明。编号0131。,2023,INDUSTRY_C,REGION_C,UNKNOWN,1_TO_3,MID
SYN-JOB-00132,TRUE,phase1h1_five_dimension_v1,ACCOUNTING,模拟ACCOUNTING岗位0132,模拟职责文本：整理业务信息并形成可复核的工作说明。编号0132。,2022,INDUSTRY_B,REGION_C,UNKNOWN,1_TO_3,LOW
SYN-JOB-00133,TRUE,phase1h1_five_dimension_v1,FINANCIAL_ANALYSIS,模拟FINANCIAL_ANALYSIS岗位0133,模拟职责文本：整理业务信息并形成可复核的工作说明。编号0133。,2023,INDUSTRY_A,REGION_B,UNKNOWN,1_TO_3,MID
SYN-JOB-00134,TRUE,phase1h1_five_dimension_v1,DIGITAL,模拟DIGITAL岗位0134,模拟职责文本：整理业务信息并形成可复核的工作说明。编号0134。,2025,INDUSTRY_C,REGION_B,UNKNOWN,1_TO_3,HIGH
SYN-JOB-00135,TRUE,phase1h1_five_dimension_v1,FINANCIAL_ANALYSIS,模拟FINANCIAL_ANALYSIS岗位0135,模拟职责文本：整理业务信息并形成可复核的工作说明。编号0135。,2024,INDUSTRY_C,REGION_B,UNKNOWN,1_TO_3,MID
SYN-JOB-00136,TRUE,phase1h1_five_dimension_v1,FINANCIAL_ANALYSIS,模拟FINANCIAL_ANALYSIS岗位0136,模拟职责文本：整理业务信息并形成可复核的工作说明。编号0136。,2024,INDUSTRY_C,REGION_A,UNKNOWN,UNKNOWN,HIGH
SYN-JOB-00137,TRUE,phase1h1_five_dimension_v1,FINANCIAL_ANALYSIS,模拟FINANCIAL_ANALYSIS岗位0137,模拟职责文本：整理业务信息并形成可复核的工作说明。编号0137。,2022,INDUSTRY_A,REGION_C,UNKNOWN,ENTRY,MID
SYN-JOB-00138,TRUE,phase1h1_five_dimension_v1,AUDIT,模拟AUDIT岗位0138,模拟职责文本：整理业务信息并形成可复核的工作说明。编号0138。,2023,INDUSTRY_A,REGION_A,BACHELOR,1_TO_3,LOW
SYN-JOB-00139,TRUE,phase1h1_five_dimension_v1,OPERATIONS_ANALYSIS,模拟OPERATIONS_ANALYSIS岗位0139,模拟职责文本：整理业务信息并形成可复核的工作说明。编号0139。,2022,INDUSTRY_A,REGION_C,BACHELOR,UNKNOWN,LOW
SYN-JOB-00140,TRUE,phase1h1_five_dimension_v1,DIGITAL,模拟DIGITAL岗位0140,模拟职责文本：整理业务信息并形成可复核的工作说明。编号0140。,2025,INDUSTRY_C,REGION_B,ANY,1_TO_3,HIGH
SYN-JOB-00141,TRUE,phase1h1_five_dimension_v1,ACCOUNTING,模拟ACCOUNTING岗位0141,模拟职责文本：整理业务信息并形成可复核的工作说明。编号0141。,2022,INDUSTRY_C,REGION_A,BACHELOR,1_TO_3,HIGH
SYN-JOB-00142,TRUE,phase1h1_five_dimension_v1,ACCOUNTING,模拟ACCOUNTING岗位0142,模拟职责文本：整理业务信息并形成可复核的工作说明。编号0142。,2022,INDUSTRY_B,REGION_C,UNKNOWN,UNKNOWN,MID
SYN-JOB-00143,TRUE,phase1h1_five_dimension_v1,OPERATIONS_ANALYSIS,模拟OPERATIONS_ANALYSIS岗位0143,模拟职责文本：整理业务信息并形成可复核的工作说明。编号0143。,2023,INDUSTRY_B,REGION_A,BACHELOR,1_TO_3,HIGH
SYN-JOB-00144,TRUE,phase1h1_five_dimension_v1,FINANCE,模拟FINANCE岗位0144,模拟职责文本：整理业务信息并形成可复核的工作说明。编号0144。,2024,INDUSTRY_C,REGION_C,BACHELOR,ENTRY,NA_MISS
SYN-JOB-00145,TRUE,phase1h1_five_dimension_v1,FINANCE,模拟FINANCE岗位0145,模拟职责文本：整理业务信息并形成可复核的工作说明。编号0145。,2024,INDUSTRY_B,REGION_B,BACHELOR,ENTRY,HIGH
SYN-JOB-00146,TRUE,phase1h1_five_dimension_v1,AUDIT,模拟AUDIT岗位0146,模拟职责文本：整理业务信息并形成可复核的工作说明。编号0146。,2022,INDUSTRY_B,REGION_A,BACHELOR,UNKNOWN,NA_MISS
SYN-JOB-00147,TRUE,phase1h1_five_dimension_v1,ACCOUNTING,模拟ACCOUNTING岗位0147,模拟职责文本：整理业务信息并形成可复核的工作说明。编号0147。,2025,INDUSTRY_C,REGION_A,UNKNOWN,1_TO_3,NA_MISS
SYN-JOB-00148,TRUE,phase1h1_five_dimension_v1,ACCOUNTING,模拟ACCOUNTING岗位0148,模拟职责文本：整理业务信息并形成可复核的工作说明。编号0148。,2023,INDUSTRY_B,REGION_B,UNKNOWN,UNKNOWN,NA_MISS
SYN-JOB-00149,TRUE,phase1h1_five_dimension_v1,FINANCE,模拟FINANCE岗位0149,模拟职责文本：整理业务信息并形成可复核的工作说明。编号0149。,2024,INDUSTRY_B,REGION_B,BACHELOR,UNKNOWN,LOW
SYN-JOB-00150,TRUE,phase1h1_five_dimension_v1,DIGITAL,模拟DIGITAL岗位0150,模拟职责文本：整理业务信息并形成可复核的工作说明。编号0150。,2024,INDUSTRY_C,REGION_B,ANY,1_TO_3,HIGH
SYN-JOB-00151,TRUE,phase1h1_five_dimension_v1,AUDIT,模拟AUDIT岗位0151,模拟职责文本：整理业务信息并形成可复核的工作说明。编号0151。,2022,INDUSTRY_B,REGION_A,UNKNOWN,UNKNOWN,LOW
SYN-JOB-00152,TRUE,phase1h1_five_dimension_v1,FINANCIAL_ANALYSIS,模拟FINANCIAL_ANALYSIS岗位0152,模拟职责文本：整理业务信息并形成可复核的工作说明。编号0152。,2025,INDUSTRY_A,REGION_B,UNKNOWN,ENTRY,MID
SYN-JOB-00153,TRUE,phase1h1_five_dimension_v1,AUDIT,模拟AUDIT岗位0153,模拟职责文本：整理业务信息并形成可复核的工作说明。编号0153。,2025,INDUSTRY_C,REGION_B,BACHELOR,UNKNOWN,HIGH
SYN-JOB-00154,TRUE,phase1h1_five_dimension_v1,DIGITAL,模拟DIGITAL岗位0154,模拟职责文本：整理业务信息并形成可复核的工作说明。编号0154。,2023,INDUSTRY_A,REGION_A,BACHELOR,ENTRY,LOW
SYN-JOB-00155,TRUE,phase1h1_five_dimension_v1,DIGITAL,模拟DIGITAL岗位0155,模拟职责文本：整理业务信息并形成可复核的工作说明。编号0155。,2023,INDUSTRY_C,REGION_C,UNKNOWN,ENTRY,HIGH
SYN-JOB-00156,TRUE,phase1h1_five_dimension_v1,CONSULTING_RESEARCH,模拟CONSULTING_RESEARCH岗位0156,模拟职责文本：整理业务信息并形成可复核的工作说明。编号0156。,2024,INDUSTRY_C,REGION_C,UNKNOWN,ENTRY,HIGH
SYN-JOB-00157,TRUE,phase1h1_five_dimension_v1,DATA_ANALYSIS,模拟DATA_ANALYSIS岗位0157,模拟职责文本：整理业务信息并形成可复核的工作说明。编号0157。,2022,INDUSTRY_A,REGION_C,ANY,1_TO_3,HIGH
SYN-JOB-00158,TRUE,phase1h1_five_dimension_v1,FINANCE,模拟FINANCE岗位0158,模拟职责文本：整理业务信息并形成可复核的工作说明。编号0158。,2024,INDUSTRY_C,REGION_B,ANY,UNKNOWN,HIGH
SYN-JOB-00159,TRUE,phase1h1_five_dimension_v1,FINANCE,模拟FINANCE岗位0159,模拟职责文本：整理业务信息并形成可复核的工作说明。编号0159。,2023,INDUSTRY_C,REGION_A,UNKNOWN,ENTRY,LOW
SYN-JOB-00160,TRUE,phase1h1_five_dimension_v1,DIGITAL,模拟DIGITAL岗位0160,模拟职责文本：整理业务信息并形成可复核的工作说明。编号0160。,2025,INDUSTRY_B,REGION_C,UNKNOWN,1_TO_3,HIGH
SYN-JOB-00161,TRUE,phase1h1_five_dimension_v1,DATA_ANALYSIS,模拟DATA_ANALYSIS岗位0161,模拟职责文本：整理业务信息并形成可复核的工作说明。编号0161。,2025,INDUSTRY_A,REGION_C,BACHELOR,UNKNOWN,MID
SYN-JOB-00162,TRUE,phase1h1_five_dimension_v1,ACCOUNTING,模拟ACCOUNTING岗位0162,模拟职责文本：整理业务信息并形成可复核的工作说明。编号0162。,2024,INDUSTRY_C,REGION_C,ANY,UNKNOWN,MID
SYN-JOB-00163,TRUE,phase1h1_five_dimension_v1,ACCOUNTING,模拟ACCOUNTING岗位0163,模拟职责文本：整理业务信息并形成可复核的工作说明。编号0163。,2023,INDUSTRY_B,REGION_A,UNKNOWN,1_TO_3,MID
SYN-JOB-00164,TRUE,phase1h1_five_dimension_v1,FINANCIAL_ANALYSIS,模拟FINANCIAL_ANALYSIS岗位0164,模拟职责文本：整理业务信息并形成可复核的工作说明。编号0164。,2024,INDUSTRY_B,REGION_B,ANY,ENTRY,MID
SYN-JOB-00165,TRUE,phase1h1_five_dimension_v1,CONSULTING_RESEARCH,模拟CONSULTING_RESEARCH岗位0165,模拟职责文本：整理业务信息并形成可复核的工作说明。编号0165。,2025,INDUSTRY_A,REGION_B,UNKNOWN,ENTRY,MID
SYN-JOB-00166,TRUE,phase1h1_five_dimension_v1,OPERATIONS_ANALYSIS,模拟OPERATIONS_ANALYSIS岗位0166,模拟职责文本：整理业务信息并形成可复核的工作说明。编号0166。,2022,INDUSTRY_B,REGION_A,ANY,1_TO_3,LOW
SYN-JOB-00167,TRUE,phase1h1_five_dimension_v1,CONSULTING_RESEARCH,模拟CONSULTING_RESEARCH岗位0167,模拟职责文本：整理业务信息并形成可复核的工作说明。编号0167。,2023,INDUSTRY_B,REGION_A,ANY,1_TO_3,NA_MISS
SYN-JOB-00168,TRUE,phase1h1_five_dimension_v1,DATA_ANALYSIS,模拟DATA_ANALYSIS岗位0168,模拟职责文本：整理业务信息并形成可复核的工作说明。编号0168。,2024,INDUSTRY_C,REGION_B,UNKNOWN,1_TO_3,HIGH
SYN-JOB-00169,TRUE,phase1h1_five_dimension_v1,OPERATIONS_ANALYSIS,模拟OPERATIONS_ANALYSIS岗位0169,模拟职责文本：整理业务信息并形成可复核的工作说明。编号0169。,2023,INDUSTRY_A,REGION_C,UNKNOWN,1_TO_3,HIGH
SYN-JOB-00170,TRUE,phase1h1_five_dimension_v1,AUDIT,模拟AUDIT岗位0170,模拟职责文本：整理业务信息并形成可复核的工作说明。编号0170。,2024,INDUSTRY_A,REGION_B,UNKNOWN,1_TO_3,NA_MISS
SYN-JOB-00171,TRUE,phase1h1_five_dimension_v1,DATA_ANALYSIS,模拟DATA_ANALYSIS岗位0171,模拟职责文本：整理业务信息并形成可复核的工作说明。编号0171。,2024,INDUSTRY_B,REGION_C,ANY,ENTRY,NA_MISS
SYN-JOB-00172,TRUE,phase1h1_five_dimension_v1,DATA_ANALYSIS,模拟DATA_ANALYSIS岗位0172,模拟职责文本：整理业务信息并形成可复核的工作说明。编号0172。,2023,INDUSTRY_C,REGION_B,UNKNOWN,ENTRY,MID
SYN-JOB-00173,TRUE,phase1h1_five_dimension_v1,OPERATIONS_ANALYSIS,模拟OPERATIONS_ANALYSIS岗位0173,模拟职责文本：整理业务信息并形成可复核的工作说明。编号0173。,2022,INDUSTRY_B,REGION_C,UNKNOWN,1_TO_3,HIGH
SYN-JOB-00174,TRUE,phase1h1_five_dimension_v1,DIGITAL,模拟DIGITAL岗位0174,模拟职责文本：整理业务信息并形成可复核的工作说明。编号0174。,2024,INDUSTRY_A,REGION_B,ANY,ENTRY,MID
SYN-JOB-00175,TRUE,phase1h1_five_dimension_v1,FINANCE,模拟FINANCE岗位0175,模拟职责文本：整理业务信息并形成可复核的工作说明。编号0175。,2022,INDUSTRY_C,REGION_A,ANY,UNKNOWN,LOW
SYN-JOB-00176,TRUE,phase1h1_five_dimension_v1,FINANCIAL_ANALYSIS,模拟FINANCIAL_ANALYSIS岗位0176,模拟职责文本：整理业务信息并形成可复核的工作说明。编号0176。,2025,INDUSTRY_C,REGION_A,UNKNOWN,1_TO_3,HIGH
SYN-JOB-00177,TRUE,phase1h1_five_dimension_v1,AUDIT,模拟AUDIT岗位0177,模拟职责文本：整理业务信息并形成可复核的工作说明。编号0177。,2023,INDUSTRY_C,REGION_A,ANY,UNKNOWN,MID
SYN-JOB-00178,TRUE,phase1h1_five_dimension_v1,ACCOUNTING,模拟ACCOUNTING岗位0178,模拟职责文本：整理业务信息并形成可复核的工作说明。编号0178。,2024,INDUSTRY_C,REGION_B,BACHELOR,UNKNOWN,HIGH
SYN-JOB-00179,TRUE,phase1h1_five_dimension_v1,ACCOUNTING,模拟ACCOUNTING岗位0179,模拟职责文本：整理业务信息并形成可复核的工作说明。编号0179。,2023,INDUSTRY_C,REGION_A,ANY,UNKNOWN,MID
SYN-JOB-00180,TRUE,phase1h1_five_dimension_v1,FINANCIAL_ANALYSIS,模拟FINANCIAL_ANALYSIS岗位0180,模拟职责文本：整理业务信息并形成可复核的工作说明。编号0180。,2023,INDUSTRY_A,REGION_A,UNKNOWN,ENTRY,MID
SYN-JOB-00181,TRUE,phase1h1_five_dimension_v1,ACCOUNTING,模拟ACCOUNTING岗位0181,模拟职责文本：整理业务信息并形成可复核的工作说明。编号0181。,2025,INDUSTRY_A,REGION_C,BACHELOR,UNKNOWN,NA_MISS
SYN-JOB-00182,TRUE,phase1h1_five_dimension_v1,FINANCE,模拟FINANCE岗位0182,模拟职责文本：整理业务信息并形成可复核的工作说明。编号0182。,2025,INDUSTRY_B,REGION_B,BACHELOR,1_TO_3,NA_MISS
SYN-JOB-00183,TRUE,phase1h1_five_dimension_v1,FINANCIAL_ANALYSIS,模拟FINANCIAL_ANALYSIS岗位0183,模拟职责文本：整理业务信息并形成可复核的工作说明。编号0183。,2025,INDUSTRY_C,REGION_A,ANY,1_TO_3,LOW
SYN-JOB-00184,TRUE,phase1h1_five_dimension_v1,FINANCE,模拟FINANCE岗位0184,模拟职责文本：整理业务信息并形成可复核的工作说明。编号0184。,2022,INDUSTRY_B,REGION_C,UNKNOWN,ENTRY,LOW
SYN-JOB-00185,TRUE,phase1h1_five_dimension_v1,ACCOUNTING,模拟ACCOUNTING岗位0185,模拟职责文本：整理业务信息并形成可复核的工作说明。编号0185。,2024,INDUSTRY_B,REGION_C,BACHELOR,ENTRY,HIGH
SYN-JOB-00186,TRUE,phase1h1_five_dimension_v1,ACCOUNTING,模拟ACCOUNTING岗位0186,模拟职责文本：整理业务信息并形成可复核的工作说明。编号0186。,2022,INDUSTRY_B,REGION_B,ANY,1_TO_3,NA_MISS
SYN-JOB-00187,TRUE,phase1h1_five_dimension_v1,OPERATIONS_ANALYSIS,模拟OPERATIONS_ANALYSIS岗位0187,模拟职责文本：整理业务信息并形成可复核的工作说明。编号0187。,2022,INDUSTRY_A,REGION_B,UNKNOWN,UNKNOWN,LOW
SYN-JOB-00188,TRUE,phase1h1_five_dimension_v1,ACCOUNTING,模拟ACCOUNTING岗位0188,模拟职责文本：整理业务信息并形成可复核的工作说明。编号0188。,2022,INDUSTRY_B,REGION_A,ANY,1_TO_3,MID
SYN-JOB-00189,TRUE,phase1h1_five_dimension_v1,DIGITAL,模拟DIGITAL岗位0189,模拟职责文本：整理业务信息并形成可复核的工作说明。编号0189。,2023,INDUSTRY_C,REGION_B,BACHELOR,1_TO_3,MID
SYN-JOB-00190,TRUE,phase1h1_five_dimension_v1,FINANCIAL_ANALYSIS,模拟FINANCIAL_ANALYSIS岗位0190,模拟职责文本：整理业务信息并形成可复核的工作说明。编号0190。,2022,INDUSTRY_A,REGION_A,ANY,ENTRY,LOW
SYN-JOB-00191,TRUE,phase1h1_five_dimension_v1,ACCOUNTING,模拟ACCOUNTING岗位0191,模拟职责文本：整理业务信息并形成可复核的工作说明。编号0191。,2025,INDUSTRY_B,REGION_B,ANY,1_TO_3,HIGH
SYN-JOB-00192,TRUE,phase1h1_five_dimension_v1,FINANCE,模拟FINANCE岗位0192,模拟职责文本：整理业务信息并形成可复核的工作说明。编号0192。,2023,INDUSTRY_A,REGION_C,ANY,UNKNOWN,LOW
SYN-JOB-00193,TRUE,phase1h1_five_dimension_v1,AUDIT,模拟AUDIT岗位0193,模拟职责文本：整理业务信息并形成可复核的工作说明。编号0193。,2025,INDUSTRY_B,REGION_B,ANY,UNKNOWN,MID
SYN-JOB-00194,TRUE,phase1h1_five_dimension_v1,OPERATIONS_ANALYSIS,模拟OPERATIONS_ANALYSIS岗位0194,模拟职责文本：整理业务信息并形成可复核的工作说明。编号0194。,2025,INDUSTRY_A,REGION_B,UNKNOWN,UNKNOWN,HIGH
SYN-JOB-00195,TRUE,phase1h1_five_dimension_v1,FINANCE,模拟FINANCE岗位0195,模拟职责文本：整理业务信息并形成可复核的工作说明。编号0195。,2024,INDUSTRY_C,REGION_B,ANY,1_TO_3,HIGH
SYN-JOB-00196,TRUE,phase1h1_five_dimension_v1,FINANCE,模拟FINANCE岗位0196,模拟职责文本：整理业务信息并形成可复核的工作说明。编号0196。,2025,INDUSTRY_C,REGION_C,BACHELOR,ENTRY,NA_MISS
SYN-JOB-00197,TRUE,phase1h1_five_dimension_v1,FINANCE,模拟FINANCE岗位0197,模拟职责文本：整理业务信息并形成可复核的工作说明。编号0197。,2024,INDUSTRY_A,REGION_C,BACHELOR,1_TO_3,LOW
SYN-JOB-00198,TRUE,phase1h1_five_dimension_v1,FINANCIAL_ANALYSIS,模拟FINANCIAL_ANALYSIS岗位0198,模拟职责文本：整理业务信息并形成可复核的工作说明。编号0198。,2024,INDUSTRY_C,REGION_C,UNKNOWN,UNKNOWN,NA_MISS
SYN-JOB-00199,TRUE,phase1h1_five_dimension_v1,FINANCE,模拟FINANCE岗位0199,模拟职责文本：整理业务信息并形成可复核的工作说明。编号0199。,2023,INDUSTRY_C,REGION_A,UNKNOWN,ENTRY,MID
SYN-JOB-00200,TRUE,phase1h1_five_dimension_v1,FINANCE,模拟FINANCE岗位0200,模拟职责文本：整理业务信息并形成可复核的工作说明。编号0200。,2023,INDUSTRY_B,REGION_C,UNKNOWN,ENTRY,LOW
SYN-JOB-00201,TRUE,phase1h1_five_dimension_v1,FINANCIAL_ANALYSIS,模拟FINANCIAL_ANALYSIS岗位0201,模拟职责文本：整理业务信息并形成可复核的工作说明。编号0201。,2023,INDUSTRY_A,REGION_B,ANY,UNKNOWN,LOW
SYN-JOB-00202,TRUE,phase1h1_five_dimension_v1,CONSULTING_RESEARCH,模拟CONSULTING_RESEARCH岗位0202,模拟职责文本：整理业务信息并形成可复核的工作说明。编号0202。,2023,INDUSTRY_B,REGION_B,BACHELOR,1_TO_3,NA_MISS
SYN-JOB-00203,TRUE,phase1h1_five_dimension_v1,FINANCIAL_ANALYSIS,模拟FINANCIAL_ANALYSIS岗位0203,模拟职责文本：整理业务信息并形成可复核的工作说明。编号0203。,2024,INDUSTRY_C,REGION_C,ANY,1_TO_3,HIGH
SYN-JOB-00204,TRUE,phase1h1_five_dimension_v1,FINANCIAL_ANALYSIS,模拟FINANCIAL_ANALYSIS岗位0204,模拟职责文本：整理业务信息并形成可复核的工作说明。编号0204。,2024,INDUSTRY_B,REGION_B,UNKNOWN,UNKNOWN,NA_MISS
SYN-JOB-00205,TRUE,phase1h1_five_dimension_v1,CONSULTING_RESEARCH,模拟CONSULTING_RESEARCH岗位0205,模拟职责文本：整理业务信息并形成可复核的工作说明。编号0205。,2025,INDUSTRY_B,REGION_A,UNKNOWN,1_TO_3,LOW
SYN-JOB-00206,TRUE,phase1h1_five_dimension_v1,FINANCIAL_ANALYSIS,模拟FINANCIAL_ANALYSIS岗位0206,模拟职责文本：整理业务信息并形成可复核的工作说明。编号0206。,2023,INDUSTRY_C,REGION_B,ANY,ENTRY,NA_MISS
SYN-JOB-00207,TRUE,phase1h1_five_dimension_v1,FINANCIAL_ANALYSIS,模拟FINANCIAL_ANALYSIS岗位0207,模拟职责文本：整理业务信息并形成可复核的工作说明。编号0207。,2025,INDUSTRY_A,REGION_B,BACHELOR,ENTRY,LOW
SYN-JOB-00208,TRUE,phase1h1_five_dimension_v1,DATA_ANALYSIS,模拟DATA_ANALYSIS岗位0208,模拟职责文本：整理业务信息并形成可复核的工作说明。编号0208。,2024,INDUSTRY_A,REGION_A,BACHELOR,1_TO_3,NA_MISS
SYN-JOB-00209,TRUE,phase1h1_five_dimension_v1,DATA_ANALYSIS,模拟DATA_ANALYSIS岗位0209,模拟职责文本：整理业务信息并形成可复核的工作说明。编号0209。,2025,INDUSTRY_C,REGION_C,ANY,ENTRY,LOW
SYN-JOB-00210,TRUE,phase1h1_five_dimension_v1,DATA_ANALYSIS,模拟DATA_ANALYSIS岗位0210,模拟职责文本：整理业务信息并形成可复核的工作说明。编号0210。,2024,INDUSTRY_B,REGION_A,ANY,1_TO_3,HIGH
SYN-JOB-00211,TRUE,phase1h1_five_dimension_v1,OPERATIONS_ANALYSIS,模拟OPERATIONS_ANALYSIS岗位0211,模拟职责文本：整理业务信息并形成可复核的工作说明。编号0211。,2025,INDUSTRY_B,REGION_B,UNKNOWN,1_TO_3,LOW
SYN-JOB-00212,TRUE,phase1h1_five_dimension_v1,AUDIT,模拟AUDIT岗位0212,模拟职责文本：整理业务信息并形成可复核的工作说明。编号0212。,2023,INDUSTRY_C,REGION_A,UNKNOWN,ENTRY,LOW
SYN-JOB-00213,TRUE,phase1h1_five_dimension_v1,OPERATIONS_ANALYSIS,模拟OPERATIONS_ANALYSIS岗位0213,模拟职责文本：整理业务信息并形成可复核的工作说明。编号0213。,2025,INDUSTRY_A,REGION_C,ANY,1_TO_3,NA_MISS
SYN-JOB-00214,TRUE,phase1h1_five_dimension_v1,FINANCE,模拟FINANCE岗位0214,模拟职责文本：整理业务信息并形成可复核的工作说明。编号0214。,2024,INDUSTRY_A,REGION_B,UNKNOWN,1_TO_3,HIGH
SYN-JOB-00215,TRUE,phase1h1_five_dimension_v1,DATA_ANALYSIS,模拟DATA_ANALYSIS岗位0215,模拟职责文本：整理业务信息并形成可复核的工作说明。编号0215。,2024,INDUSTRY_A,REGION_A,BACHELOR,UNKNOWN,MID
SYN-JOB-00216,TRUE,phase1h1_five_dimension_v1,DIGITAL,模拟DIGITAL岗位0216,模拟职责文本：整理业务信息并形成可复核的工作说明。编号0216。,2024,INDUSTRY_A,REGION_C,UNKNOWN,ENTRY,NA_MISS
SYN-JOB-00217,TRUE,phase1h1_five_dimension_v1,FINANCE,模拟FINANCE岗位0217,模拟职责文本：整理业务信息并形成可复核的工作说明。编号0217。,2022,INDUSTRY_A,REGION_A,UNKNOWN,1_TO_3,LOW
SYN-JOB-00218,TRUE,phase1h1_five_dimension_v1,FINANCIAL_ANALYSIS,模拟FINANCIAL_ANALYSIS岗位0218,模拟职责文本：整理业务信息并形成可复核的工作说明。编号0218。,2023,INDUSTRY_C,REGION_A,ANY,UNKNOWN,HIGH
SYN-JOB-00219,TRUE,phase1h1_five_dimension_v1,AUDIT,模拟AUDIT岗位0219,模拟职责文本：整理业务信息并形成可复核的工作说明。编号0219。,2023,INDUSTRY_A,REGION_C,UNKNOWN,1_TO_3,NA_MISS
SYN-JOB-00220,TRUE,phase1h1_five_dimension_v1,FINANCE,模拟FINANCE岗位0220,模拟职责文本：整理业务信息并形成可复核的工作说明。编号0220。,2024,INDUSTRY_B,REGION_A,ANY,UNKNOWN,HIGH
SYN-JOB-00221,TRUE,phase1h1_five_dimension_v1,OPERATIONS_ANALYSIS,模拟OPERATIONS_ANALYSIS岗位0221,模拟职责文本：整理业务信息并形成可复核的工作说明。编号0221。,2022,INDUSTRY_C,REGION_A,BACHELOR,ENTRY,HIGH
SYN-JOB-00222,TRUE,phase1h1_five_dimension_v1,FINANCIAL_ANALYSIS,模拟FINANCIAL_ANALYSIS岗位0222,模拟职责文本：整理业务信息并形成可复核的工作说明。编号0222。,2023,INDUSTRY_C,REGION_B,BACHELOR,1_TO_3,NA_MISS
SYN-JOB-00223,TRUE,phase1h1_five_dimension_v1,AUDIT,模拟AUDIT岗位0223,模拟职责文本：整理业务信息并形成可复核的工作说明。编号0223。,2023,INDUSTRY_B,REGION_A,BACHELOR,1_TO_3,MID
SYN-JOB-00224,TRUE,phase1h1_five_dimension_v1,AUDIT,模拟AUDIT岗位0224,模拟职责文本：整理业务信息并形成可复核的工作说明。编号0224。,2024,INDUSTRY_C,REGION_A,BACHELOR,ENTRY,NA_MISS
SYN-JOB-00225,TRUE,phase1h1_five_dimension_v1,FINANCE,模拟FINANCE岗位0225,模拟职责文本：整理业务信息并形成可复核的工作说明。编号0225。,2025,INDUSTRY_B,REGION_C,ANY,ENTRY,LOW
SYN-JOB-00226,TRUE,phase1h1_five_dimension_v1,FINANCIAL_ANALYSIS,模拟FINANCIAL_ANALYSIS岗位0226,模拟职责文本：整理业务信息并形成可复核的工作说明。编号0226。,2025,INDUSTRY_A,REGION_C,UNKNOWN,ENTRY,LOW
SYN-JOB-00227,TRUE,phase1h1_five_dimension_v1,CONSULTING_RESEARCH,模拟CONSULTING_RESEARCH岗位0227,模拟职责文本：整理业务信息并形成可复核的工作说明。编号0227。,2022,INDUSTRY_C,REGION_A,UNKNOWN,ENTRY,MID
SYN-JOB-00228,TRUE,phase1h1_five_dimension_v1,FINANCE,模拟FINANCE岗位0228,模拟职责文本：整理业务信息并形成可复核的工作说明。编号0228。,2022,INDUSTRY_B,REGION_C,UNKNOWN,ENTRY,MID
SYN-JOB-00229,TRUE,phase1h1_five_dimension_v1,OPERATIONS_ANALYSIS,模拟OPERATIONS_ANALYSIS岗位0229,模拟职责文本：整理业务信息并形成可复核的工作说明。编号0229。,2022,INDUSTRY_C,REGION_A,UNKNOWN,UNKNOWN,LOW
SYN-JOB-00230,TRUE,phase1h1_five_dimension_v1,ACCOUNTING,模拟ACCOUNTING岗位0230,模拟职责文本：整理业务信息并形成可复核的工作说明。编号0230。,2023,INDUSTRY_A,REGION_C,ANY,1_TO_3,HIGH
SYN-JOB-00231,TRUE,phase1h1_five_dimension_v1,FINANCIAL_ANALYSIS,模拟FINANCIAL_ANALYSIS岗位0231,模拟职责文本：整理业务信息并形成可复核的工作说明。编号0231。,2025,INDUSTRY_B,REGION_B,ANY,1_TO_3,NA_MISS
SYN-JOB-00232,TRUE,phase1h1_five_dimension_v1,FINANCIAL_ANALYSIS,模拟FINANCIAL_ANALYSIS岗位0232,模拟职责文本：整理业务信息并形成可复核的工作说明。编号0232。,2022,INDUSTRY_B,REGION_B,ANY,UNKNOWN,LOW
SYN-JOB-00233,TRUE,phase1h1_five_dimension_v1,DATA_ANALYSIS,模拟DATA_ANALYSIS岗位0233,模拟职责文本：整理业务信息并形成可复核的工作说明。编号0233。,2022,INDUSTRY_C,REGION_C,ANY,1_TO_3,HIGH
SYN-JOB-00234,TRUE,phase1h1_five_dimension_v1,ACCOUNTING,模拟ACCOUNTING岗位0234,模拟职责文本：整理业务信息并形成可复核的工作说明。编号0234。,2023,INDUSTRY_A,REGION_B,UNKNOWN,UNKNOWN,LOW
SYN-JOB-00235,TRUE,phase1h1_five_dimension_v1,OPERATIONS_ANALYSIS,模拟OPERATIONS_ANALYSIS岗位0235,模拟职责文本：整理业务信息并形成可复核的工作说明。编号0235。,2025,INDUSTRY_A,REGION_B,BACHELOR,ENTRY,MID
SYN-JOB-00236,TRUE,phase1h1_five_dimension_v1,FINANCIAL_ANALYSIS,模拟FINANCIAL_ANALYSIS岗位0236,模拟职责文本：整理业务信息并形成可复核的工作说明。编号0236。,2025,INDUSTRY_B,REGION_C,ANY,ENTRY,LOW
SYN-JOB-00237,TRUE,phase1h1_five_dimension_v1,FINANCE,模拟FINANCE岗位0237,模拟职责文本：整理业务信息并形成可复核的工作说明。编号0237。,2023,INDUSTRY_B,REGION_C,UNKNOWN,1_TO_3,MID
SYN-JOB-00238,TRUE,phase1h1_five_dimension_v1,DATA_ANALYSIS,模拟DATA_ANALYSIS岗位0238,模拟职责文本：整理业务信息并形成可复核的工作说明。编号0238。,2023,INDUSTRY_A,REGION_C,BACHELOR,1_TO_3,HIGH
SYN-JOB-00239,TRUE,phase1h1_five_dimension_v1,OPERATIONS_ANALYSIS,模拟OPERATIONS_ANALYSIS岗位0239,模拟职责文本：整理业务信息并形成可复核的工作说明。编号0239。,2022,INDUSTRY_B,REGION_A,UNKNOWN,1_TO_3,MID
SYN-JOB-00240,TRUE,phase1h1_five_dimension_v1,FINANCE,模拟FINANCE岗位0240,模拟职责文本：整理业务信息并形成可复核的工作说明。编号0240。,2024,INDUSTRY_A,REGION_C,BACHELOR,ENTRY,NA_MISS
SYN-JOB-00241,TRUE,phase1h1_five_dimension_v1,ACCOUNTING,模拟ACCOUNTING岗位0241,模拟职责文本：整理业务信息并形成可复核的工作说明。编号0241。,2022,INDUSTRY_C,REGION_A,BACHELOR,UNKNOWN,MID
SYN-JOB-00242,TRUE,phase1h1_five_dimension_v1,ACCOUNTING,模拟ACCOUNTING岗位0242,模拟职责文本：整理业务信息并形成可复核的工作说明。编号0242。,2024,INDUSTRY_A,REGION_B,ANY,UNKNOWN,LOW
SYN-JOB-00243,TRUE,phase1h1_five_dimension_v1,FINANCIAL_ANALYSIS,模拟FINANCIAL_ANALYSIS岗位0243,模拟职责文本：整理业务信息并形成可复核的工作说明。编号0243。,2022,INDUSTRY_A,REGION_A,UNKNOWN,UNKNOWN,LOW
SYN-JOB-00244,TRUE,phase1h1_five_dimension_v1,FINANCE,模拟FINANCE岗位0244,模拟职责文本：整理业务信息并形成可复核的工作说明。编号0244。,2022,INDUSTRY_C,REGION_B,UNKNOWN,ENTRY,HIGH
SYN-JOB-00245,TRUE,phase1h1_five_dimension_v1,CONSULTING_RESEARCH,模拟CONSULTING_RESEARCH岗位0245,模拟职责文本：整理业务信息并形成可复核的工作说明。编号0245。,2022,INDUSTRY_A,REGION_A,UNKNOWN,ENTRY,LOW
SYN-JOB-00246,TRUE,phase1h1_five_dimension_v1,FINANCIAL_ANALYSIS,模拟FINANCIAL_ANALYSIS岗位0246,模拟职责文本：整理业务信息并形成可复核的工作说明。编号0246。,2022,INDUSTRY_B,REGION_A,ANY,1_TO_3,MID
SYN-JOB-00247,TRUE,phase1h1_five_dimension_v1,CONSULTING_RESEARCH,模拟CONSULTING_RESEARCH岗位0247,模拟职责文本：整理业务信息并形成可复核的工作说明。编号0247。,2024,INDUSTRY_C,REGION_C,UNKNOWN,1_TO_3,NA_MISS
SYN-JOB-00248,TRUE,phase1h1_five_dimension_v1,FINANCIAL_ANALYSIS,模拟FINANCIAL_ANALYSIS岗位0248,模拟职责文本：整理业务信息并形成可复核的工作说明。编号0248。,2025,INDUSTRY_A,REGION_C,ANY,1_TO_3,MID
SYN-JOB-00249,TRUE,phase1h1_five_dimension_v1,CONSULTING_RESEARCH,模拟CONSULTING_RESEARCH岗位0249,模拟职责文本：整理业务信息并形成可复核的工作说明。编号0249。,2025,INDUSTRY_A,REGION_C,ANY,UNKNOWN,NA_MISS
SYN-JOB-00250,TRUE,phase1h1_five_dimension_v1,FINANCIAL_ANALYSIS,模拟FINANCIAL_ANALYSIS岗位0250,模拟职责文本：整理业务信息并形成可复核的工作说明。编号0250。,2025,INDUSTRY_C,REGION_A,ANY,ENTRY,HIGH
SYN-JOB-00251,TRUE,phase1h1_five_dimension_v1,DATA_ANALYSIS,模拟DATA_ANALYSIS岗位0251,模拟职责文本：整理业务信息并形成可复核的工作说明。编号0251。,2025,INDUSTRY_B,REGION_A,UNKNOWN,UNKNOWN,LOW
SYN-JOB-00252,TRUE,phase1h1_five_dimension_v1,FINANCIAL_ANALYSIS,模拟FINANCIAL_ANALYSIS岗位0252,模拟职责文本：整理业务信息并形成可复核的工作说明。编号0252。,2022,INDUSTRY_B,REGION_A,UNKNOWN,UNKNOWN,MID
SYN-JOB-00253,TRUE,phase1h1_five_dimension_v1,DIGITAL,模拟DIGITAL岗位0253,模拟职责文本：整理业务信息并形成可复核的工作说明。编号0253。,2022,INDUSTRY_C,REGION_A,UNKNOWN,1_TO_3,LOW
SYN-JOB-00254,TRUE,phase1h1_five_dimension_v1,FINANCIAL_ANALYSIS,模拟FINANCIAL_ANALYSIS岗位0254,模拟职责文本：整理业务信息并形成可复核的工作说明。编号0254。,2024,INDUSTRY_A,REGION_A,BACHELOR,UNKNOWN,MID
SYN-JOB-00255,TRUE,phase1h1_five_dimension_v1,FINANCE,模拟FINANCE岗位0255,模拟职责文本：整理业务信息并形成可复核的工作说明。编号0255。,2025,INDUSTRY_A,REGION_C,BACHELOR,UNKNOWN,MID
SYN-JOB-00256,TRUE,phase1h1_five_dimension_v1,FINANCE,模拟FINANCE岗位0256,模拟职责文本：整理业务信息并形成可复核的工作说明。编号0256。,2022,INDUSTRY_B,REGION_C,ANY,UNKNOWN,HIGH
SYN-JOB-00257,TRUE,phase1h1_five_dimension_v1,FINANCE,模拟FINANCE岗位0257,模拟职责文本：整理业务信息并形成可复核的工作说明。编号0257。,2022,INDUSTRY_C,REGION_A,ANY,1_TO_3,NA_MISS
SYN-JOB-00258,TRUE,phase1h1_five_dimension_v1,AUDIT,模拟AUDIT岗位0258,模拟职责文本：整理业务信息并形成可复核的工作说明。编号0258。,2023,INDUSTRY_B,REGION_C,BACHELOR,1_TO_3,HIGH
SYN-JOB-00259,TRUE,phase1h1_five_dimension_v1,AUDIT,模拟AUDIT岗位0259,模拟职责文本：整理业务信息并形成可复核的工作说明。编号0259。,2022,INDUSTRY_C,REGION_C,UNKNOWN,1_TO_3,LOW
SYN-JOB-00260,TRUE,phase1h1_five_dimension_v1,DIGITAL,模拟DIGITAL岗位0260,模拟职责文本：整理业务信息并形成可复核的工作说明。编号0260。,2024,INDUSTRY_A,REGION_C,UNKNOWN,ENTRY,NA_MISS
SYN-JOB-00261,TRUE,phase1h1_five_dimension_v1,ACCOUNTING,模拟ACCOUNTING岗位0261,模拟职责文本：整理业务信息并形成可复核的工作说明。编号0261。,2024,INDUSTRY_A,REGION_B,ANY,ENTRY,NA_MISS
SYN-JOB-00262,TRUE,phase1h1_five_dimension_v1,FINANCE,模拟FINANCE岗位0262,模拟职责文本：整理业务信息并形成可复核的工作说明。编号0262。,2024,INDUSTRY_C,REGION_B,BACHELOR,ENTRY,NA_MISS
SYN-JOB-00263,TRUE,phase1h1_five_dimension_v1,AUDIT,模拟AUDIT岗位0263,模拟职责文本：整理业务信息并形成可复核的工作说明。编号0263。,2022,INDUSTRY_C,REGION_C,UNKNOWN,ENTRY,NA_MISS
SYN-JOB-00264,TRUE,phase1h1_five_dimension_v1,ACCOUNTING,模拟ACCOUNTING岗位0264,模拟职责文本：整理业务信息并形成可复核的工作说明。编号0264。,2025,INDUSTRY_C,REGION_B,BACHELOR,1_TO_3,NA_MISS
SYN-JOB-00265,TRUE,phase1h1_five_dimension_v1,AUDIT,模拟AUDIT岗位0265,模拟职责文本：整理业务信息并形成可复核的工作说明。编号0265。,2023,INDUSTRY_B,REGION_B,UNKNOWN,1_TO_3,LOW
SYN-JOB-00266,TRUE,phase1h1_five_dimension_v1,ACCOUNTING,模拟ACCOUNTING岗位0266,模拟职责文本：整理业务信息并形成可复核的工作说明。编号0266。,2023,INDUSTRY_B,REGION_B,ANY,1_TO_3,LOW
SYN-JOB-00267,TRUE,phase1h1_five_dimension_v1,FINANCE,模拟FINANCE岗位0267,模拟职责文本：整理业务信息并形成可复核的工作说明。编号0267。,2023,INDUSTRY_C,REGION_A,ANY,UNKNOWN,MID
SYN-JOB-00268,TRUE,phase1h1_five_dimension_v1,FINANCIAL_ANALYSIS,模拟FINANCIAL_ANALYSIS岗位0268,模拟职责文本：整理业务信息并形成可复核的工作说明。编号0268。,2025,INDUSTRY_C,REGION_C,BACHELOR,1_TO_3,NA_MISS
SYN-JOB-00269,TRUE,phase1h1_five_dimension_v1,CONSULTING_RESEARCH,模拟CONSULTING_RESEARCH岗位0269,模拟职责文本：整理业务信息并形成可复核的工作说明。编号0269。,2022,INDUSTRY_B,REGION_B,UNKNOWN,UNKNOWN,LOW
SYN-JOB-00270,TRUE,phase1h1_five_dimension_v1,ACCOUNTING,模拟ACCOUNTING岗位0270,模拟职责文本：整理业务信息并形成可复核的工作说明。编号0270。,2025,INDUSTRY_B,REGION_A,ANY,ENTRY,LOW
SYN-JOB-00271,TRUE,phase1h1_five_dimension_v1,OPERATIONS_ANALYSIS,模拟OPERATIONS_ANALYSIS岗位0271,模拟职责文本：整理业务信息并形成可复核的工作说明。编号0271。,2022,INDUSTRY_C,REGION_A,UNKNOWN,ENTRY,MID
SYN-JOB-00272,TRUE,phase1h1_five_dimension_v1,FINANCIAL_ANALYSIS,模拟FINANCIAL_ANALYSIS岗位0272,模拟职责文本：整理业务信息并形成可复核的工作说明。编号0272。,2025,INDUSTRY_C,REGION_C,ANY,ENTRY,LOW
SYN-JOB-00273,TRUE,phase1h1_five_dimension_v1,ACCOUNTING,模拟ACCOUNTING岗位0273,模拟职责文本：整理业务信息并形成可复核的工作说明。编号0273。,2025,INDUSTRY_A,REGION_C,UNKNOWN,ENTRY,MID
SYN-JOB-00274,TRUE,phase1h1_five_dimension_v1,FINANCIAL_ANALYSIS,模拟FINANCIAL_ANALYSIS岗位0274,模拟职责文本：整理业务信息并形成可复核的工作说明。编号0274。,2024,INDUSTRY_A,REGION_A,ANY,1_TO_3,LOW
SYN-JOB-00275,TRUE,phase1h1_five_dimension_v1,DIGITAL,模拟DIGITAL岗位0275,模拟职责文本：整理业务信息并形成可复核的工作说明。编号0275。,2022,INDUSTRY_C,REGION_C,ANY,UNKNOWN,HIGH
SYN-JOB-00276,TRUE,phase1h1_five_dimension_v1,FINANCE,模拟FINANCE岗位0276,模拟职责文本：整理业务信息并形成可复核的工作说明。编号0276。,2022,INDUSTRY_A,REGION_B,UNKNOWN,UNKNOWN,MID
SYN-JOB-00277,TRUE,phase1h1_five_dimension_v1,DIGITAL,模拟DIGITAL岗位0277,模拟职责文本：整理业务信息并形成可复核的工作说明。编号0277。,2025,INDUSTRY_B,REGION_C,BACHELOR,ENTRY,NA_MISS
SYN-JOB-00278,TRUE,phase1h1_five_dimension_v1,FINANCE,模拟FINANCE岗位0278,模拟职责文本：整理业务信息并形成可复核的工作说明。编号0278。,2022,INDUSTRY_C,REGION_A,BACHELOR,1_TO_3,NA_MISS
SYN-JOB-00279,TRUE,phase1h1_five_dimension_v1,DATA_ANALYSIS,模拟DATA_ANALYSIS岗位0279,模拟职责文本：整理业务信息并形成可复核的工作说明。编号0279。,2024,INDUSTRY_C,REGION_C,UNKNOWN,1_TO_3,HIGH
SYN-JOB-00280,TRUE,phase1h1_five_dimension_v1,FINANCIAL_ANALYSIS,模拟FINANCIAL_ANALYSIS岗位0280,模拟职责文本：整理业务信息并形成可复核的工作说明。编号0280。,2023,INDUSTRY_A,REGION_C,ANY,ENTRY,MID
SYN-JOB-00281,TRUE,phase1h1_five_dimension_v1,ACCOUNTING,模拟ACCOUNTING岗位0281,模拟职责文本：整理业务信息并形成可复核的工作说明。编号0281。,2023,INDUSTRY_C,REGION_C,UNKNOWN,ENTRY,MID
SYN-JOB-00282,TRUE,phase1h1_five_dimension_v1,FINANCIAL_ANALYSIS,模拟FINANCIAL_ANALYSIS岗位0282,模拟职责文本：整理业务信息并形成可复核的工作说明。编号0282。,2024,INDUSTRY_C,REGION_A,UNKNOWN,ENTRY,HIGH
SYN-JOB-00283,TRUE,phase1h1_five_dimension_v1,AUDIT,模拟AUDIT岗位0283,模拟职责文本：整理业务信息并形成可复核的工作说明。编号0283。,2023,INDUSTRY_B,REGION_A,ANY,UNKNOWN,NA_MISS
SYN-JOB-00284,TRUE,phase1h1_five_dimension_v1,ACCOUNTING,模拟ACCOUNTING岗位0284,模拟职责文本：整理业务信息并形成可复核的工作说明。编号0284。,2025,INDUSTRY_B,REGION_C,ANY,1_TO_3,MID
SYN-JOB-00285,TRUE,phase1h1_five_dimension_v1,ACCOUNTING,模拟ACCOUNTING岗位0285,模拟职责文本：整理业务信息并形成可复核的工作说明。编号0285。,2022,INDUSTRY_B,REGION_C,UNKNOWN,1_TO_3,NA_MISS
SYN-JOB-00286,TRUE,phase1h1_five_dimension_v1,FINANCE,模拟FINANCE岗位0286,模拟职责文本：整理业务信息并形成可复核的工作说明。编号0286。,2024,INDUSTRY_B,REGION_A,BACHELOR,ENTRY,MID
SYN-JOB-00287,TRUE,phase1h1_five_dimension_v1,CONSULTING_RESEARCH,模拟CONSULTING_RESEARCH岗位0287,模拟职责文本：整理业务信息并形成可复核的工作说明。编号0287。,2023,INDUSTRY_C,REGION_A,UNKNOWN,1_TO_3,HIGH
SYN-JOB-00288,TRUE,phase1h1_five_dimension_v1,FINANCIAL_ANALYSIS,模拟FINANCIAL_ANALYSIS岗位0288,模拟职责文本：整理业务信息并形成可复核的工作说明。编号0288。,2024,INDUSTRY_A,REGION_B,ANY,ENTRY,HIGH
SYN-JOB-00289,TRUE,phase1h1_five_dimension_v1,FINANCIAL_ANALYSIS,模拟FINANCIAL_ANALYSIS岗位0289,模拟职责文本：整理业务信息并形成可复核的工作说明。编号0289。,2024,INDUSTRY_C,REGION_B,BACHELOR,1_TO_3,NA_MISS
SYN-JOB-00290,TRUE,phase1h1_five_dimension_v1,FINANCE,模拟FINANCE岗位0290,模拟职责文本：整理业务信息并形成可复核的工作说明。编号0290。,2023,INDUSTRY_B,REGION_B,BACHELOR,1_TO_3,NA_MISS
SYN-JOB-00291,TRUE,phase1h1_five_dimension_v1,ACCOUNTING,模拟ACCOUNTING岗位0291,模拟职责文本：整理业务信息并形成可复核的工作说明。编号0291。,2023,INDUSTRY_A,REGION_C,BACHELOR,UNKNOWN,LOW
SYN-JOB-00292,TRUE,phase1h1_five_dimension_v1,FINANCIAL_ANALYSIS,模拟FINANCIAL_ANALYSIS岗位0292,模拟职责文本：整理业务信息并形成可复核的工作说明。编号0292。,2024,INDUSTRY_C,REGION_A,UNKNOWN,ENTRY,NA_MISS
SYN-JOB-00293,TRUE,phase1h1_five_dimension_v1,FINANCIAL_ANALYSIS,模拟FINANCIAL_ANALYSIS岗位0293,模拟职责文本：整理业务信息并形成可复核的工作说明。编号0293。,2025,INDUSTRY_B,REGION_B,ANY,1_TO_3,NA_MISS
SYN-JOB-00294,TRUE,phase1h1_five_dimension_v1,OPERATIONS_ANALYSIS,模拟OPERATIONS_ANALYSIS岗位0294,模拟职责文本：整理业务信息并形成可复核的工作说明。编号0294。,2022,INDUSTRY_C,REGION_A,BACHELOR,ENTRY,LOW
SYN-JOB-00295,TRUE,phase1h1_five_dimension_v1,FINANCIAL_ANALYSIS,模拟FINANCIAL_ANALYSIS岗位0295,模拟职责文本：整理业务信息并形成可复核的工作说明。编号0295。,2022,INDUSTRY_A,REGION_C,BACHELOR,UNKNOWN,MID
SYN-JOB-00296,TRUE,phase1h1_five_dimension_v1,CONSULTING_RESEARCH,模拟CONSULTING_RESEARCH岗位0296,模拟职责文本：整理业务信息并形成可复核的工作说明。编号0296。,2023,INDUSTRY_B,REGION_B,BACHELOR,1_TO_3,LOW
SYN-JOB-00297,TRUE,phase1h1_five_dimension_v1,CONSULTING_RESEARCH,模拟CONSULTING_RESEARCH岗位0297,模拟职责文本：整理业务信息并形成可复核的工作说明。编号0297。,2022,INDUSTRY_A,REGION_B,UNKNOWN,UNKNOWN,NA_MISS
SYN-JOB-00298,TRUE,phase1h1_five_dimension_v1,FINANCE,模拟FINANCE岗位0298,模拟职责文本：整理业务信息并形成可复核的工作说明。编号0298。,2022,INDUSTRY_B,REGION_C,ANY,1_TO_3,NA_MISS
SYN-JOB-00299,TRUE,phase1h1_five_dimension_v1,ACCOUNTING,模拟ACCOUNTING岗位0299,模拟职责文本：整理业务信息并形成可复核的工作说明。编号0299。,2023,INDUSTRY_B,REGION_C,BACHELOR,UNKNOWN,HIGH
SYN-JOB-00300,TRUE,phase1h1_five_dimension_v1,FINANCE,模拟FINANCE岗位0300,模拟职责文本：整理业务信息并形成可复核的工作说明。编号0300。,2024,INDUSTRY_B,REGION_A,ANY,1_TO_3,HIGH
SYN-JOB-00301,TRUE,phase1h1_five_dimension_v1,DIGITAL,模拟DIGITAL岗位0301,模拟职责文本：整理业务信息并形成可复核的工作说明。编号0301。,2024,INDUSTRY_B,REGION_A,BACHELOR,UNKNOWN,MID
SYN-JOB-00302,TRUE,phase1h1_five_dimension_v1,OPERATIONS_ANALYSIS,模拟OPERATIONS_ANALYSIS岗位0302,模拟职责文本：整理业务信息并形成可复核的工作说明。编号0302。,2022,INDUSTRY_A,REGION_C,UNKNOWN,ENTRY,LOW
SYN-JOB-00303,TRUE,phase1h1_five_dimension_v1,FINANCE,模拟FINANCE岗位0303,模拟职责文本：整理业务信息并形成可复核的工作说明。编号0303。,2023,INDUSTRY_B,REGION_B,UNKNOWN,UNKNOWN,MID
SYN-JOB-00304,TRUE,phase1h1_five_dimension_v1,CONSULTING_RESEARCH,模拟CONSULTING_RESEARCH岗位0304,模拟职责文本：整理业务信息并形成可复核的工作说明。编号0304。,2022,INDUSTRY_B,REGION_A,BACHELOR,UNKNOWN,NA_MISS
SYN-JOB-00305,TRUE,phase1h1_five_dimension_v1,ACCOUNTING,模拟ACCOUNTING岗位0305,模拟职责文本：整理业务信息并形成可复核的工作说明。编号0305。,2023,INDUSTRY_A,REGION_C,ANY,ENTRY,NA_MISS
SYN-JOB-00306,TRUE,phase1h1_five_dimension_v1,DATA_ANALYSIS,模拟DATA_ANALYSIS岗位0306,模拟职责文本：整理业务信息并形成可复核的工作说明。编号0306。,2025,INDUSTRY_C,REGION_C,ANY,ENTRY,LOW
SYN-JOB-00307,TRUE,phase1h1_five_dimension_v1,ACCOUNTING,模拟ACCOUNTING岗位0307,模拟职责文本：整理业务信息并形成可复核的工作说明。编号0307。,2022,INDUSTRY_C,REGION_A,BACHELOR,UNKNOWN,NA_MISS
SYN-JOB-00308,TRUE,phase1h1_five_dimension_v1,AUDIT,模拟AUDIT岗位0308,模拟职责文本：整理业务信息并形成可复核的工作说明。编号0308。,2023,INDUSTRY_C,REGION_B,UNKNOWN,UNKNOWN,LOW
SYN-JOB-00309,TRUE,phase1h1_five_dimension_v1,DATA_ANALYSIS,模拟DATA_ANALYSIS岗位0309,模拟职责文本：整理业务信息并形成可复核的工作说明。编号0309。,2024,INDUSTRY_A,REGION_C,BACHELOR,UNKNOWN,HIGH
SYN-JOB-00310,TRUE,phase1h1_five_dimension_v1,FINANCE,模拟FINANCE岗位0310,模拟职责文本：整理业务信息并形成可复核的工作说明。编号0310。,2023,INDUSTRY_A,REGION_C,BACHELOR,ENTRY,MID
SYN-JOB-00311,TRUE,phase1h1_five_dimension_v1,CONSULTING_RESEARCH,模拟CONSULTING_RESEARCH岗位0311,模拟职责文本：整理业务信息并形成可复核的工作说明。编号0311。,2022,INDUSTRY_A,REGION_C,UNKNOWN,UNKNOWN,NA_MISS
SYN-JOB-00312,TRUE,phase1h1_five_dimension_v1,CONSULTING_RESEARCH,模拟CONSULTING_RESEARCH岗位0312,模拟职责文本：整理业务信息并形成可复核的工作说明。编号0312。,2024,INDUSTRY_C,REGION_C,BACHELOR,UNKNOWN,LOW
SYN-JOB-00313,TRUE,phase1h1_five_dimension_v1,FINANCE,模拟FINANCE岗位0313,模拟职责文本：整理业务信息并形成可复核的工作说明。编号0313。,2022,INDUSTRY_C,REGION_B,UNKNOWN,UNKNOWN,HIGH
SYN-JOB-00314,TRUE,phase1h1_five_dimension_v1,ACCOUNTING,模拟ACCOUNTING岗位0314,模拟职责文本：整理业务信息并形成可复核的工作说明。编号0314。,2022,INDUSTRY_C,REGION_A,BACHELOR,ENTRY,LOW
SYN-JOB-00315,TRUE,phase1h1_five_dimension_v1,FINANCIAL_ANALYSIS,模拟FINANCIAL_ANALYSIS岗位0315,模拟职责文本：整理业务信息并形成可复核的工作说明。编号0315。,2023,INDUSTRY_C,REGION_A,ANY,1_TO_3,MID
SYN-JOB-00316,TRUE,phase1h1_five_dimension_v1,FINANCIAL_ANALYSIS,模拟FINANCIAL_ANALYSIS岗位0316,模拟职责文本：整理业务信息并形成可复核的工作说明。编号0316。,2024,INDUSTRY_A,REGION_C,BACHELOR,1_TO_3,MID
SYN-JOB-00317,TRUE,phase1h1_five_dimension_v1,FINANCE,模拟FINANCE岗位0317,模拟职责文本：整理业务信息并形成可复核的工作说明。编号0317。,2024,INDUSTRY_C,REGION_C,BACHELOR,1_TO_3,MID
SYN-JOB-00318,TRUE,phase1h1_five_dimension_v1,OPERATIONS_ANALYSIS,模拟OPERATIONS_ANALYSIS岗位0318,模拟职责文本：整理业务信息并形成可复核的工作说明。编号0318。,2022,INDUSTRY_C,REGION_C,ANY,UNKNOWN,HIGH
SYN-JOB-00319,TRUE,phase1h1_five_dimension_v1,FINANCIAL_ANALYSIS,模拟FINANCIAL_ANALYSIS岗位0319,模拟职责文本：整理业务信息并形成可复核的工作说明。编号0319。,2025,INDUSTRY_A,REGION_B,BACHELOR,ENTRY,NA_MISS
SYN-JOB-00320,TRUE,phase1h1_five_dimension_v1,DATA_ANALYSIS,模拟DATA_ANALYSIS岗位0320,模拟职责文本：整理业务信息并形成可复核的工作说明。编号0320。,2024,INDUSTRY_C,REGION_A,UNKNOWN,1_TO_3,NA_MISS
SYN-JOB-00321,TRUE,phase1h1_five_dimension_v1,DATA_ANALYSIS,模拟DATA_ANALYSIS岗位0321,模拟职责文本：整理业务信息并形成可复核的工作说明。编号0321。,2025,INDUSTRY_B,REGION_C,UNKNOWN,ENTRY,MID
SYN-JOB-00322,TRUE,phase1h1_five_dimension_v1,OPERATIONS_ANALYSIS,模拟OPERATIONS_ANALYSIS岗位0322,模拟职责文本：整理业务信息并形成可复核的工作说明。编号0322。,2022,INDUSTRY_C,REGION_A,UNKNOWN,UNKNOWN,NA_MISS
SYN-JOB-00323,TRUE,phase1h1_five_dimension_v1,OPERATIONS_ANALYSIS,模拟OPERATIONS_ANALYSIS岗位0323,模拟职责文本：整理业务信息并形成可复核的工作说明。编号0323。,2022,INDUSTRY_A,REGION_C,ANY,UNKNOWN,NA_MISS
SYN-JOB-00324,TRUE,phase1h1_five_dimension_v1,CONSULTING_RESEARCH,模拟CONSULTING_RESEARCH岗位0324,模拟职责文本：整理业务信息并形成可复核的工作说明。编号0324。,2023,INDUSTRY_A,REGION_C,BACHELOR,1_TO_3,HIGH
SYN-JOB-00325,TRUE,phase1h1_five_dimension_v1,ACCOUNTING,模拟ACCOUNTING岗位0325,模拟职责文本：整理业务信息并形成可复核的工作说明。编号0325。,2023,INDUSTRY_A,REGION_C,ANY,ENTRY,HIGH
SYN-JOB-00326,TRUE,phase1h1_five_dimension_v1,AUDIT,模拟AUDIT岗位0326,模拟职责文本：整理业务信息并形成可复核的工作说明。编号0326。,2023,INDUSTRY_B,REGION_A,UNKNOWN,ENTRY,NA_MISS
SYN-JOB-00327,TRUE,phase1h1_five_dimension_v1,DIGITAL,模拟DIGITAL岗位0327,模拟职责文本：整理业务信息并形成可复核的工作说明。编号0327。,2022,INDUSTRY_A,REGION_B,UNKNOWN,1_TO_3,MID
SYN-JOB-00328,TRUE,phase1h1_five_dimension_v1,DATA_ANALYSIS,模拟DATA_ANALYSIS岗位0328,模拟职责文本：整理业务信息并形成可复核的工作说明。编号0328。,2025,INDUSTRY_B,REGION_C,BACHELOR,ENTRY,HIGH
SYN-JOB-00329,TRUE,phase1h1_five_dimension_v1,DATA_ANALYSIS,模拟DATA_ANALYSIS岗位0329,模拟职责文本：整理业务信息并形成可复核的工作说明。编号0329。,2025,INDUSTRY_A,REGION_C,ANY,ENTRY,HIGH
SYN-JOB-00330,TRUE,phase1h1_five_dimension_v1,AUDIT,模拟AUDIT岗位0330,模拟职责文本：整理业务信息并形成可复核的工作说明。编号0330。,2022,INDUSTRY_B,REGION_A,ANY,ENTRY,NA_MISS
SYN-JOB-00331,TRUE,phase1h1_five_dimension_v1,ACCOUNTING,模拟ACCOUNTING岗位0331,模拟职责文本：整理业务信息并形成可复核的工作说明。编号0331。,2023,INDUSTRY_C,REGION_B,ANY,UNKNOWN,LOW
SYN-JOB-00332,TRUE,phase1h1_five_dimension_v1,DATA_ANALYSIS,模拟DATA_ANALYSIS岗位0332,模拟职责文本：整理业务信息并形成可复核的工作说明。编号0332。,2024,INDUSTRY_C,REGION_A,ANY,ENTRY,NA_MISS
SYN-JOB-00333,TRUE,phase1h1_five_dimension_v1,FINANCE,模拟FINANCE岗位0333,模拟职责文本：整理业务信息并形成可复核的工作说明。编号0333。,2025,INDUSTRY_C,REGION_A,ANY,1_TO_3,HIGH
SYN-JOB-00334,TRUE,phase1h1_five_dimension_v1,FINANCE,模拟FINANCE岗位0334,模拟职责文本：整理业务信息并形成可复核的工作说明。编号0334。,2024,INDUSTRY_A,REGION_C,UNKNOWN,ENTRY,HIGH
SYN-JOB-00335,TRUE,phase1h1_five_dimension_v1,ACCOUNTING,模拟ACCOUNTING岗位0335,模拟职责文本：整理业务信息并形成可复核的工作说明。编号0335。,2022,INDUSTRY_A,REGION_B,ANY,UNKNOWN,NA_MISS
SYN-JOB-00336,TRUE,phase1h1_five_dimension_v1,ACCOUNTING,模拟ACCOUNTING岗位0336,模拟职责文本：整理业务信息并形成可复核的工作说明。编号0336。,2022,INDUSTRY_B,REGION_B,UNKNOWN,ENTRY,MID
SYN-JOB-00337,TRUE,phase1h1_five_dimension_v1,DATA_ANALYSIS,模拟DATA_ANALYSIS岗位0337,模拟职责文本：整理业务信息并形成可复核的工作说明。编号0337。,2022,INDUSTRY_C,REGION_A,UNKNOWN,1_TO_3,MID
SYN-JOB-00338,TRUE,phase1h1_five_dimension_v1,FINANCIAL_ANALYSIS,模拟FINANCIAL_ANALYSIS岗位0338,模拟职责文本：整理业务信息并形成可复核的工作说明。编号0338。,2023,INDUSTRY_C,REGION_C,BACHELOR,ENTRY,NA_MISS
SYN-JOB-00339,TRUE,phase1h1_five_dimension_v1,DATA_ANALYSIS,模拟DATA_ANALYSIS岗位0339,模拟职责文本：整理业务信息并形成可复核的工作说明。编号0339。,2023,INDUSTRY_C,REGION_A,ANY,UNKNOWN,HIGH
SYN-JOB-00340,TRUE,phase1h1_five_dimension_v1,DATA_ANALYSIS,模拟DATA_ANALYSIS岗位0340,模拟职责文本：整理业务信息并形成可复核的工作说明。编号0340。,2023,INDUSTRY_C,REGION_C,ANY,ENTRY,LOW
SYN-JOB-00341,TRUE,phase1h1_five_dimension_v1,DATA_ANALYSIS,模拟DATA_ANALYSIS岗位0341,模拟职责文本：整理业务信息并形成可复核的工作说明。编号0341。,2022,INDUSTRY_A,REGION_B,ANY,ENTRY,HIGH
SYN-JOB-00342,TRUE,phase1h1_five_dimension_v1,FINANCIAL_ANALYSIS,模拟FINANCIAL_ANALYSIS岗位0342,模拟职责文本：整理业务信息并形成可复核的工作说明。编号0342。,2023,INDUSTRY_A,REGION_C,BACHELOR,ENTRY,MID
SYN-JOB-00343,TRUE,phase1h1_five_dimension_v1,CONSULTING_RESEARCH,模拟CONSULTING_RESEARCH岗位0343,模拟职责文本：整理业务信息并形成可复核的工作说明。编号0343。,2024,INDUSTRY_C,REGION_A,UNKNOWN,UNKNOWN,MID
SYN-JOB-00344,TRUE,phase1h1_five_dimension_v1,FINANCE,模拟FINANCE岗位0344,模拟职责文本：整理业务信息并形成可复核的工作说明。编号0344。,2022,INDUSTRY_A,REGION_B,UNKNOWN,UNKNOWN,MID
SYN-JOB-00345,TRUE,phase1h1_five_dimension_v1,FINANCE,模拟FINANCE岗位0345,模拟职责文本：整理业务信息并形成可复核的工作说明。编号0345。,2024,INDUSTRY_A,REGION_B,BACHELOR,1_TO_3,HIGH
SYN-JOB-00346,TRUE,phase1h1_five_dimension_v1,FINANCE,模拟FINANCE岗位0346,模拟职责文本：整理业务信息并形成可复核的工作说明。编号0346。,2024,INDUSTRY_C,REGION_B,BACHELOR,UNKNOWN,HIGH
SYN-JOB-00347,TRUE,phase1h1_five_dimension_v1,FINANCIAL_ANALYSIS,模拟FINANCIAL_ANALYSIS岗位0347,模拟职责文本：整理业务信息并形成可复核的工作说明。编号0347。,2022,INDUSTRY_C,REGION_A,BACHELOR,UNKNOWN,HIGH
SYN-JOB-00348,TRUE,phase1h1_five_dimension_v1,FINANCIAL_ANALYSIS,模拟FINANCIAL_ANALYSIS岗位0348,模拟职责文本：整理业务信息并形成可复核的工作说明。编号0348。,2025,INDUSTRY_B,REGION_A,BACHELOR,ENTRY,NA_MISS
SYN-JOB-00349,TRUE,phase1h1_five_dimension_v1,DATA_ANALYSIS,模拟DATA_ANALYSIS岗位0349,模拟职责文本：整理业务信息并形成可复核的工作说明。编号0349。,2024,INDUSTRY_C,REGION_A,UNKNOWN,UNKNOWN,LOW
SYN-JOB-00350,TRUE,phase1h1_five_dimension_v1,ACCOUNTING,模拟ACCOUNTING岗位0350,模拟职责文本：整理业务信息并形成可复核的工作说明。编号0350。,2024,INDUSTRY_B,REGION_B,BACHELOR,1_TO_3,LOW
SYN-JOB-00351,TRUE,phase1h1_five_dimension_v1,DIGITAL,模拟DIGITAL岗位0351,模拟职责文本：整理业务信息并形成可复核的工作说明。编号0351。,2024,INDUSTRY_C,REGION_A,BACHELOR,UNKNOWN,MID
SYN-JOB-00352,TRUE,phase1h1_five_dimension_v1,DIGITAL,模拟DIGITAL岗位0352,模拟职责文本：整理业务信息并形成可复核的工作说明。编号0352。,2024,INDUSTRY_B,REGION_C,ANY,UNKNOWN,LOW
SYN-JOB-00353,TRUE,phase1h1_five_dimension_v1,CONSULTING_RESEARCH,模拟CONSULTING_RESEARCH岗位0353,模拟职责文本：整理业务信息并形成可复核的工作说明。编号0353。,2025,INDUSTRY_C,REGION_C,ANY,ENTRY,HIGH
SYN-JOB-00354,TRUE,phase1h1_five_dimension_v1,CONSULTING_RESEARCH,模拟CONSULTING_RESEARCH岗位0354,模拟职责文本：整理业务信息并形成可复核的工作说明。编号0354。,2022,INDUSTRY_B,REGION_B,ANY,UNKNOWN,MID
SYN-JOB-00355,TRUE,phase1h1_five_dimension_v1,ACCOUNTING,模拟ACCOUNTING岗位0355,模拟职责文本：整理业务信息并形成可复核的工作说明。编号0355。,2022,INDUSTRY_A,REGION_A,UNKNOWN,UNKNOWN,HIGH
SYN-JOB-00356,TRUE,phase1h1_five_dimension_v1,DATA_ANALYSIS,模拟DATA_ANALYSIS岗位0356,模拟职责文本：整理业务信息并形成可复核的工作说明。编号0356。,2024,INDUSTRY_B,REGION_B,ANY,ENTRY,NA_MISS
SYN-JOB-00357,TRUE,phase1h1_five_dimension_v1,AUDIT,模拟AUDIT岗位0357,模拟职责文本：整理业务信息并形成可复核的工作说明。编号0357。,2025,INDUSTRY_B,REGION_A,UNKNOWN,1_TO_3,LOW
SYN-JOB-00358,TRUE,phase1h1_five_dimension_v1,FINANCE,模拟FINANCE岗位0358,模拟职责文本：整理业务信息并形成可复核的工作说明。编号0358。,2022,INDUSTRY_C,REGION_B,ANY,ENTRY,HIGH
SYN-JOB-00359,TRUE,phase1h1_five_dimension_v1,FINANCIAL_ANALYSIS,模拟FINANCIAL_ANALYSIS岗位0359,模拟职责文本：整理业务信息并形成可复核的工作说明。编号0359。,2024,INDUSTRY_B,REGION_C,UNKNOWN,1_TO_3,MID
SYN-JOB-00360,TRUE,phase1h1_five_dimension_v1,DIGITAL,模拟DIGITAL岗位0360,模拟职责文本：整理业务信息并形成可复核的工作说明。编号0360。,2023,INDUSTRY_A,REGION_A,ANY,ENTRY,MID
