research_id,synthetic_flag,synthetic_version,recent_research_task,ai_used,ai_stage_problem,ai_stage_information,ai_stage_method,ai_stage_limitation,ai_reason_check,ai_gave_sources,ai_evidence_check,ai_output_handling,ai_disagreement_response,method_choice_occurred,ai_method_compare,info_source_check,a9_first_action,a9_reason,research_experience_type,research_experience_depth,method_training,major_group,year_of_study,school_type,guidance_context,unverified_acceptance,info_confidence_optional
SYN-R-0001,TRUE,phase1e_v1,NO,NA_SKIP,NA_DK,NA_MISS,NA_DK,NOT_USED,NA_APPL,NA_SKIP,NA_SKIP,NA_APPL,NA_MISS,NA_SKIP,NA_SKIP,DATE,WITHHOLD_INFERENCE,补充其他材料,NONE,NA_APPL,WORKSHOP,MANAGEMENT,YEAR_1,FINANCE_SPECIALIZED,COURSE,NA_DK,4
SYN-R-0002,TRUE,phase1e_v1,YES,YES,YES,NO,NO,YES,NA_DK,YES,CHECK_EXISTENCE,MODIFY,KEEP_VIEW,NO,NA_APPL,NA_MISS,WITHHOLD_INFERENCE,补充其他材料,COURSE,LEAD,SELF_STUDY,FINANCE,YEAR_1,FINANCE_SPECIALIZED,NA_DK,OFTEN,5
SYN-R-0003,TRUE,phase1e_v1,YES,YES,YES,YES,NO,NA_DK,NA_DK,YES,NO_CHECK,NA_DK,NOT_ENCOUNTERED,NA_MISS,NA_MISS,NA_DK,SEEK_OTHER_EVIDENCE,核对指标口径,COURSE,ASSISTED,COURSE,FINANCE,YEAR_3,NA_REFUSE,PEER,NA_DK,4
SYN-R-0004,TRUE,phase1e_v1,YES,NA_APPL,NA_MISS,NA_APPL,NOT_USED,NA_DK,NA_MISS,NA_SKIP,NA_SKIP,NA_SKIP,NOT_USED,NA_DK,NA_DK,SOURCE,WITHHOLD_INFERENCE,补充其他材料,COURSE,NA_SKIP,SELF_STUDY,ECONOMICS,YEAR_2,FINANCE_SPECIALIZED,NA_DK,NOT_USED,NA_DK
SYN-R-0005,TRUE,phase1e_v1,YES,NO,NA_DK,NA_DK,NA_MISS,NA_DK,NA_APPL,NA_SKIP,NA_SKIP,NA_APPL,NA_DK,NA_DK,NA_DK,NA_DK,WITHHOLD_INFERENCE,NA_MISS,COURSE,NA_SKIP,NA_DK,MANAGEMENT,YEAR_2,FINANCE_SPECIALIZED,NONE,NA_APPL,NA_APPL
SYN-R-0006,TRUE,phase1e_v1,YES,UNSURE,NOT_USED,NA_APPL,NA_DK,NA_SKIP,NA_APPL,NA_SKIP,NA_SKIP,NA_SKIP,NA_DK,YES,NA_APPL,SOURCE,SEEK_OTHER_EVIDENCE,NA_MISS,NONE,NA_APPL,NONE,MANAGEMENT,YEAR_2,OTHER_WITH_RELATED_MAJOR,PEER,NOT_USED,NA_APPL
SYN-R-0007,TRUE,phase1e_v1,YES,UNSURE,NA_DK,NA_SKIP,NOT_USED,NOT_USED,NOT_USED,NA_SKIP,NA_SKIP,NA_APPL,NOT_USED,YES,NA_APPL,SOURCE,WITHHOLD_INFERENCE,核对指标口径,OTHER,OBSERVED,NONE,FINANCE,YEAR_3,NA_REFUSE,PEER,NOT_USED,NA_APPL
SYN-R-0008,TRUE,phase1e_v1,YES,YES,NO,NA_DK,NA_DK,NO,NA_MISS,NA_DK,NA_DK,PARTIAL,ACCEPT,NA_MISS,NA_MISS,SOURCE,WITHHOLD_INFERENCE,核对指标口径,COURSE,NA_SKIP,COURSE,MANAGEMENT,YEAR_3,FINANCE_SPECIALIZED,COURSE,SOMETIMES,5
SYN-R-0009,TRUE,phase1e_v1,YES,NO,NA_DK,NA_SKIP,NA_MISS,NA_MISS,NA_DK,NA_SKIP,NA_SKIP,NA_MISS,NA_APPL,YES,NA_SKIP,NA_MISS,CHECK_COVERAGE,核对指标口径,NONE,NA_APPL,COURSE,FINANCE,YEAR_3,FINANCE_SPECIALIZED,NA_DK,NOT_USED,5
SYN-R-0010,TRUE,phase1e_v1,YES,YES,YES,NA_DK,NO,NA_DK,NO,NO,NO_RELEVANT_OUTPUT,REJECT,KEEP_VIEW,NA_DK,NA_DK,NA_DK,WITHHOLD_INFERENCE,补充其他材料,OTHER,ASSISTED,WORKSHOP,ECONOMICS,YEAR_1,OTHER_WITH_RELATED_MAJOR,NONE,SOMETIMES,NA_APPL
SYN-R-0011,TRUE,phase1e_v1,YES,YES,NO,NO,NA_DK,YES,NA_DK,NA_DK,NA_DK,NA_DK,ACCEPT,YES,NA_APPL,SOURCE,SEEK_OTHER_EVIDENCE,比较可支持的结论,COURSE,ASSISTED,COURSE,OTHER_BUSINESS,YEAR_2,NA_REFUSE,COURSE,NEVER,1
SYN-R-0012,TRUE,phase1e_v1,YES,YES,YES,NA_DK,NA_DK,NA_DK,NA_DK,NA_DK,NA_DK,REJECT,KEEP_VIEW,YES,NA_APPL,DATE,CHECK_COVERAGE,补充其他材料,MENTOR_PROJECT,LEAD,WORKSHOP,MANAGEMENT,YEAR_3,NA_REFUSE,PEER,OFTEN,5
SYN-R-0013,TRUE,phase1e_v1,YES,YES,YES,NA_DK,NO,NA_DK,NA_DK,NO,NO_RELEVANT_OUTPUT,ACCEPT,NOT_ENCOUNTERED,NO,NA_APPL,SOURCE,WITHHOLD_INFERENCE,比较可支持的结论,MENTOR_PROJECT,NA_SKIP,NONE,ECONOMICS,YEAR_1,OTHER_WITH_RELATED_MAJOR,NONE,OFTEN,1
SYN-R-0014,TRUE,phase1e_v1,NO,NA_SKIP,NOT_USED,NA_DK,NA_SKIP,NOT_USED,NA_DK,NA_SKIP,NA_SKIP,NA_DK,NA_SKIP,NA_SKIP,NA_SKIP,NA_MISS,SEEK_OTHER_EVIDENCE,比较可支持的结论,COURSE,ASSISTED,NONE,OTHER_BUSINESS,YEAR_3,OTHER_WITH_RELATED_MAJOR,COURSE,NA_DK,1
SYN-R-0015,TRUE,phase1e_v1,YES,NO,NA_SKIP,NA_MISS,NA_DK,NA_SKIP,NA_SKIP,NA_SKIP,NA_SKIP,NA_DK,NA_APPL,NO,NA_APPL,NA_DK,SEEK_OTHER_EVIDENCE,补充其他材料,COURSE,ASSISTED,NONE,OTHER_BUSINESS,YEAR_2,NA_REFUSE,NONE,NA_APPL,NA_APPL
SYN-R-0016,TRUE,phase1e_v1,YES,NO,NA_SKIP,NOT_USED,NOT_USED,NA_DK,NA_APPL,NA_SKIP,NA_SKIP,NOT_USED,NA_APPL,NA_DK,NA_DK,DATE,SEEK_OTHER_EVIDENCE,补充其他材料,MENTOR_PROJECT,ASSISTED,COURSE,FINANCE,YEAR_2,FINANCE_SPECIALIZED,NONE,NA_SKIP,2
SYN-R-0017,TRUE,phase1e_v1,YES,YES,NA_DK,NO,NO,NA_DK,NA_MISS,NA_DK,NA_DK,PARTIAL,NOT_ENCOUNTERED,NA_DK,NA_DK,SUPPORT,CHECK_DEFINITION,核对指标口径,SURVEY,LEAD,SELF_STUDY,ECONOMICS,YEAR_4,FINANCE_SPECIALIZED,TEACHER,NA_DK,4
SYN-R-0018,TRUE,phase1e_v1,YES,NA_APPL,NA_MISS,NA_MISS,NOT_USED,NA_DK,NA_MISS,NA_SKIP,NA_SKIP,NA_APPL,NOT_USED,NA_MISS,NA_MISS,SUPPORT,SEEK_OTHER_EVIDENCE,核对指标口径,COURSE,ASSISTED,COURSE,ECONOMICS,YEAR_1,FINANCE_SPECIALIZED,PEER,NA_MISS,2
SYN-R-0019,TRUE,phase1e_v1,YES,YES,NA_DK,NO,NO,YES,NA_DK,NO,NO_RELEVANT_OUTPUT,REJECT,COMPARE_BASIS,NO,NA_APPL,NA_MISS,WITHHOLD_INFERENCE,补充其他材料,SURVEY,LEAD,WORKSHOP,ECONOMICS,YEAR_2,FINANCE_SPECIALIZED,NA_DK,NA_DK,NA_APPL
SYN-R-0020,TRUE,phase1e_v1,YES,YES,NA_DK,YES,NO,NO,NA_MISS,NA_DK,NA_DK,NOT_ENCOUNTERED,COMPARE_BASIS,NO,NA_APPL,MEASURE,WITHHOLD_INFERENCE,补充其他材料,COURSE,ASSISTED,NONE,ECONOMICS,YEAR_2,FINANCE_SPECIALIZED,TEACHER,SOMETIMES,2
SYN-R-0021,TRUE,phase1e_v1,YES,YES,YES,NA_DK,NA_DK,NO,NA_DK,NA_DK,NA_DK,PARTIAL,KEEP_VIEW,NA_MISS,NA_MISS,NA_DK,SEEK_OTHER_EVIDENCE,补充其他材料,MENTOR_PROJECT,LEAD,WORKSHOP,MANAGEMENT,YEAR_3,NA_REFUSE,NA_DK,OFTEN,1
SYN-R-0022,TRUE,phase1e_v1,YES,YES,NO,NO,YES,NA_DK,NA_MISS,YES,COMPARE_SOURCE,PARTIAL,ASK_AGAIN,NA_MISS,NA_MISS,SAMPLE,NA_MISS,NA_MISS,COURSE,OBSERVED,WORKSHOP,FINANCE,YEAR_3,NA_REFUSE,PEER,NEVER,3
SYN-R-0023,TRUE,phase1e_v1,YES,YES,YES,NA_DK,NO,NA_DK,NA_MISS,NA_DK,NA_DK,REJECT,KEEP_VIEW,YES,YES,SOURCE,WITHHOLD_INFERENCE,核对指标口径,SURVEY,NA_SKIP,NA_DK,MANAGEMENT,YEAR_4,FINANCE_SPECIALIZED,NONE,NEVER,5
SYN-R-0024,TRUE,phase1e_v1,YES,YES,NO,NA_DK,NA_DK,YES,NA_DK,YES,CHECK_EXISTENCE,NOT_ENCOUNTERED,COMPARE_BASIS,NA_DK,NA_DK,MEASURE,CHECK_DEFINITION,比较可支持的结论,INNOVATION,OBSERVED,NA_DK,ECONOMICS,YEAR_2,NA_REFUSE,NONE,NA_DK,4
SYN-R-0025,TRUE,phase1e_v1,YES,YES,NA_DK,NA_DK,NA_DK,NO,NA_DK,YES,CHECK_SUPPORT,NOT_ENCOUNTERED,NOT_ENCOUNTERED,YES,YES,MEASURE,CHECK_COVERAGE,比较可支持的结论,COURSE,LEAD,NONE,FINANCE,YEAR_3,NA_REFUSE,COURSE,NEVER,1
SYN-R-0026,TRUE,phase1e_v1,YES,YES,NO,NA_DK,YES,YES,NO,NA_DK,NA_DK,MODIFY,ASK_AGAIN,NO,NA_APPL,SUPPORT,WITHHOLD_INFERENCE,NA_MISS,SURVEY,NA_SKIP,NA_DK,FINANCE,YEAR_2,NA_REFUSE,TEACHER,NA_DK,2
SYN-R-0027,TRUE,phase1e_v1,NO,NA_SKIP,NOT_USED,NOT_USED,NA_DK,NA_MISS,NA_APPL,NA_SKIP,NA_SKIP,NA_MISS,NA_MISS,NA_SKIP,NA_SKIP,NA_MISS,SEEK_OTHER_EVIDENCE,比较可支持的结论,COURSE,LEAD,COURSE,OTHER_BUSINESS,YEAR_4,FINANCE_SPECIALIZED,NONE,NOT_USED,4
SYN-R-0028,TRUE,phase1e_v1,YES,YES,NA_DK,NO,YES,YES,NO,NA_DK,NA_DK,PARTIAL,COMPARE_BASIS,NA_MISS,NA_MISS,DATE,CHECK_DEFINITION,比较可支持的结论,MENTOR_PROJECT,NA_SKIP,SELF_STUDY,OTHER_BUSINESS,YEAR_4,NA_REFUSE,NA_DK,NA_DK,1
SYN-R-0029,TRUE,phase1e_v1,YES,YES,NA_DK,NO,NA_DK,NO,NA_MISS,NO,NO_RELEVANT_OUTPUT,REJECT,COMPARE_BASIS,NA_MISS,NA_MISS,NA_MISS,WITHHOLD_INFERENCE,核对指标口径,COURSE,LEAD,NONE,ECONOMICS,YEAR_3,NA_REFUSE,TEACHER,NEVER,4
SYN-R-0030,TRUE,phase1e_v1,YES,YES,NO,NA_DK,NO,NA_DK,NA_MISS,NA_DK,NA_DK,MODIFY,KEEP_VIEW,YES,NA_DK,SUPPORT,WITHHOLD_INFERENCE,NA_MISS,OTHER,OBSERVED,COURSE,MANAGEMENT,YEAR_4,NA_REFUSE,PEER,OFTEN,NA_DK
SYN-R-0031,TRUE,phase1e_v1,YES,NA_APPL,NA_MISS,NOT_USED,NA_SKIP,NA_DK,NA_APPL,NA_SKIP,NA_SKIP,NA_APPL,NA_APPL,NO,NA_APPL,SUPPORT,NA_MISS,NA_MISS,INNOVATION,ASSISTED,NA_DK,ECONOMICS,YEAR_2,OTHER_WITH_RELATED_MAJOR,TEACHER,NA_APPL,4
SYN-R-0032,TRUE,phase1e_v1,YES,UNSURE,NA_APPL,NA_SKIP,NA_MISS,NOT_USED,NA_APPL,NA_SKIP,NA_SKIP,NA_DK,NA_DK,NA_MISS,NA_MISS,DATE,NA_MISS,核对指标口径,NONE,NA_APPL,NA_DK,FINANCE,YEAR_3,OTHER_WITH_RELATED_MAJOR,PEER,NOT_USED,1
SYN-R-0033,TRUE,phase1e_v1,YES,NO,NA_APPL,NA_APPL,NA_MISS,NA_APPL,NOT_USED,NA_SKIP,NA_SKIP,NA_DK,NOT_USED,NA_MISS,NA_MISS,SAMPLE,CHECK_DEFINITION,比较可支持的结论,NONE,NA_APPL,SELF_STUDY,FINANCE,YEAR_3,NA_REFUSE,TEACHER,NA_DK,NA_DK
SYN-R-0034,TRUE,phase1e_v1,YES,YES,NA_DK,YES,NO,NO,NO,NA_DK,NA_DK,MODIFY,NOT_ENCOUNTERED,YES,NO,NA_MISS,CHECK_COVERAGE,核对指标口径,NONE,NA_APPL,WORKSHOP,ECONOMICS,YEAR_3,FINANCE_SPECIALIZED,NA_DK,OFTEN,3
SYN-R-0035,TRUE,phase1e_v1,YES,YES,YES,NA_DK,NA_DK,YES,YES,NA_DK,NA_DK,PARTIAL,KEEP_VIEW,NA_MISS,NA_MISS,MEASURE,NA_MISS,补充其他材料,MENTOR_PROJECT,NA_SKIP,SELF_STUDY,ECONOMICS,YEAR_3,OTHER_WITH_RELATED_MAJOR,PEER,OFTEN,2
SYN-R-0036,TRUE,phase1e_v1,YES,YES,YES,YES,YES,NO,NO,NO,NO_RELEVANT_OUTPUT,NA_DK,KEEP_VIEW,NA_MISS,NA_MISS,DATE,NA_MISS,NA_MISS,MENTOR_PROJECT,NA_SKIP,WORKSHOP,FINANCE,YEAR_2,FINANCE_SPECIALIZED,PEER,SOMETIMES,4
SYN-R-0037,TRUE,phase1e_v1,YES,YES,NA_DK,NA_DK,NA_DK,YES,NA_MISS,YES,NO_CHECK,MODIFY,KEEP_VIEW,YES,NA_DK,NA_MISS,NA_MISS,NA_MISS,NONE,NA_APPL,SELF_STUDY,FINANCE,YEAR_3,FINANCE_SPECIALIZED,NONE,NEVER,NA_APPL
SYN-R-0038,TRUE,phase1e_v1,YES,YES,NA_DK,NA_DK,NO,NA_DK,YES,NA_DK,NA_DK,REJECT,KEEP_VIEW,YES,NO,MEASURE,CHECK_COVERAGE,NA_MISS,INNOVATION,OBSERVED,NA_DK,ECONOMICS,YEAR_3,FINANCE_SPECIALIZED,NA_DK,OFTEN,3
SYN-R-0039,TRUE,phase1e_v1,YES,NO,NA_MISS,NA_SKIP,NA_SKIP,NA_MISS,NOT_USED,NA_SKIP,NA_SKIP,NA_DK,NOT_USED,NA_DK,NA_DK,MEASURE,NA_MISS,比较可支持的结论,SURVEY,LEAD,SELF_STUDY,OTHER_BUSINESS,YEAR_1,FINANCE_SPECIALIZED,PEER,NA_APPL,3
SYN-R-0040,TRUE,phase1e_v1,NO,NA_SKIP,NOT_USED,NA_SKIP,NOT_USED,NA_SKIP,NA_DK,NA_SKIP,NA_SKIP,NOT_USED,NA_APPL,NA_SKIP,NA_SKIP,MEASURE,WITHHOLD_INFERENCE,核对指标口径,MENTOR_PROJECT,ASSISTED,SELF_STUDY,MANAGEMENT,YEAR_3,NA_REFUSE,COURSE,NOT_USED,NA_APPL
SYN-R-0041,TRUE,phase1e_v1,YES,UNSURE,NA_DK,NA_APPL,NOT_USED,NA_DK,NA_MISS,NA_SKIP,NA_SKIP,NOT_USED,NA_MISS,NO,NA_APPL,SAMPLE,NA_MISS,补充其他材料,SURVEY,NA_SKIP,WORKSHOP,ECONOMICS,YEAR_2,FINANCE_SPECIALIZED,TEACHER,NA_SKIP,1
SYN-R-0042,TRUE,phase1e_v1,YES,NO,NOT_USED,NA_MISS,NA_DK,NA_APPL,NA_SKIP,NA_SKIP,NA_SKIP,NOT_USED,NA_MISS,NA_DK,NA_DK,SOURCE,NA_MISS,核对指标口径,NONE,NA_APPL,COURSE,ECONOMICS,YEAR_3,OTHER_WITH_RELATED_MAJOR,COURSE,NA_SKIP,NA_APPL
SYN-R-0043,TRUE,phase1e_v1,YES,YES,YES,YES,NO,NO,YES,YES,COMPARE_SOURCE,PARTIAL,NOT_ENCOUNTERED,NA_DK,NA_DK,NA_MISS,NA_MISS,核对指标口径,NONE,NA_APPL,NONE,FINANCE,YEAR_2,FINANCE_SPECIALIZED,TEACHER,SOMETIMES,NA_APPL
SYN-R-0044,TRUE,phase1e_v1,YES,NO,NA_MISS,NA_APPL,NA_APPL,NOT_USED,NA_DK,NA_SKIP,NA_SKIP,NA_DK,NA_MISS,YES,NA_DK,SAMPLE,CHECK_DEFINITION,NA_MISS,MENTOR_PROJECT,ASSISTED,COURSE,MANAGEMENT,YEAR_1,FINANCE_SPECIALIZED,NA_DK,NA_DK,1
SYN-R-0045,TRUE,phase1e_v1,YES,NO,NA_MISS,NA_DK,NA_MISS,NA_MISS,NA_MISS,NA_SKIP,NA_SKIP,NA_MISS,NA_APPL,YES,NOT_USED,SOURCE,NA_MISS,NA_MISS,NONE,NA_APPL,WORKSHOP,ECONOMICS,YEAR_4,NA_REFUSE,NA_DK,NA_DK,NA_DK
SYN-R-0046,TRUE,phase1e_v1,YES,YES,NA_DK,YES,NO,NA_DK,NO,NA_DK,NA_DK,REJECT,ACCEPT,NA_DK,NA_DK,NA_MISS,CHECK_DEFINITION,核对指标口径,MENTOR_PROJECT,LEAD,NA_DK,MANAGEMENT,YEAR_1,OTHER_WITH_RELATED_MAJOR,NONE,SOMETIMES,NA_DK
SYN-R-0047,TRUE,phase1e_v1,YES,NO,NA_MISS,NOT_USED,NA_MISS,NA_MISS,NOT_USED,NA_SKIP,NA_SKIP,NA_APPL,NA_SKIP,NO,NA_APPL,NA_DK,WITHHOLD_INFERENCE,NA_MISS,COURSE,OBSERVED,COURSE,MANAGEMENT,YEAR_3,FINANCE_SPECIALIZED,PEER,NA_MISS,NA_APPL
SYN-R-0048,TRUE,phase1e_v1,YES,NO,NA_APPL,NOT_USED,NA_APPL,NA_DK,NA_DK,NA_SKIP,NA_SKIP,NA_APPL,NOT_USED,NO,NA_APPL,MEASURE,NA_MISS,核对指标口径,COURSE,OBSERVED,NA_DK,ECONOMICS,YEAR_1,FINANCE_SPECIALIZED,PEER,NA_DK,5
SYN-R-0049,TRUE,phase1e_v1,YES,YES,NO,NA_DK,YES,YES,NA_DK,NO,NO_RELEVANT_OUTPUT,PARTIAL,COMPARE_BASIS,YES,NA_DK,NA_MISS,CHECK_DEFINITION,核对指标口径,NONE,NA_APPL,NA_DK,MANAGEMENT,YEAR_1,FINANCE_SPECIALIZED,TEACHER,OFTEN,3
SYN-R-0050,TRUE,phase1e_v1,YES,NO,NA_DK,NA_APPL,NOT_USED,NA_MISS,NA_MISS,NA_SKIP,NA_SKIP,NA_MISS,NA_MISS,NA_MISS,NA_MISS,NA_MISS,CHECK_DEFINITION,比较可支持的结论,INNOVATION,ASSISTED,WORKSHOP,FINANCE,YEAR_1,OTHER_WITH_RELATED_MAJOR,COURSE,NA_SKIP,NA_DK
SYN-R-0051,TRUE,phase1e_v1,YES,YES,NO,YES,YES,NO,NA_DK,YES,COMPARE_SOURCE,NOT_ENCOUNTERED,ACCEPT,NO,NA_APPL,NA_DK,WITHHOLD_INFERENCE,比较可支持的结论,COURSE,OBSERVED,NONE,FINANCE,YEAR_3,NA_REFUSE,COURSE,OFTEN,NA_APPL
SYN-R-0052,TRUE,phase1e_v1,YES,UNSURE,NA_MISS,NA_MISS,NA_DK,NA_SKIP,NOT_USED,NA_SKIP,NA_SKIP,NA_SKIP,NA_MISS,NA_MISS,NA_MISS,SOURCE,SEEK_OTHER_EVIDENCE,NA_MISS,MENTOR_PROJECT,NA_SKIP,NA_DK,MANAGEMENT,YEAR_4,OTHER_WITH_RELATED_MAJOR,NA_DK,NA_SKIP,4
SYN-R-0053,TRUE,phase1e_v1,NO,NA_SKIP,NOT_USED,NA_DK,NA_APPL,NA_DK,NA_SKIP,NA_SKIP,NA_SKIP,NA_DK,NA_APPL,NA_SKIP,NA_SKIP,NA_DK,NA_MISS,比较可支持的结论,COURSE,NA_SKIP,NONE,OTHER_BUSINESS,YEAR_2,OTHER_WITH_RELATED_MAJOR,NONE,NA_APPL,5
SYN-R-0054,TRUE,phase1e_v1,YES,YES,NO,NO,YES,NO,YES,NO,NO_RELEVANT_OUTPUT,NOT_ENCOUNTERED,NOT_ENCOUNTERED,NO,NA_APPL,SOURCE,WITHHOLD_INFERENCE,核对指标口径,NONE,NA_APPL,NONE,OTHER_BUSINESS,YEAR_4,FINANCE_SPECIALIZED,NA_DK,OFTEN,3
SYN-R-0055,TRUE,phase1e_v1,YES,NO,NA_APPL,NA_SKIP,NA_SKIP,NA_SKIP,NA_MISS,NA_SKIP,NA_SKIP,NA_DK,NOT_USED,NA_MISS,NA_MISS,NA_MISS,WITHHOLD_INFERENCE,NA_MISS,SURVEY,ASSISTED,NA_DK,FINANCE,YEAR_4,NA_REFUSE,COURSE,NA_DK,3
SYN-R-0056,TRUE,phase1e_v1,YES,YES,NA_DK,NO,NA_DK,NO,NO,NA_DK,NA_DK,PARTIAL,ASK_AGAIN,NA_DK,NA_DK,NA_MISS,CHECK_DEFINITION,比较可支持的结论,NONE,NA_APPL,NONE,FINANCE,YEAR_4,OTHER_WITH_RELATED_MAJOR,NONE,SOMETIMES,5
SYN-R-0057,TRUE,phase1e_v1,YES,YES,YES,NO,NO,YES,NA_DK,NO,NO_RELEVANT_OUTPUT,PARTIAL,ASK_AGAIN,NO,NA_APPL,SUPPORT,CHECK_COVERAGE,NA_MISS,SURVEY,NA_SKIP,NONE,OTHER_BUSINESS,YEAR_3,NA_REFUSE,TEACHER,OFTEN,NA_APPL
SYN-R-0058,TRUE,phase1e_v1,YES,YES,NA_DK,NO,NO,NO,YES,NA_DK,NA_DK,PARTIAL,NOT_ENCOUNTERED,NO,NA_APPL,SAMPLE,CHECK_DEFINITION,NA_MISS,INNOVATION,LEAD,NONE,MANAGEMENT,YEAR_3,OTHER_WITH_RELATED_MAJOR,NA_DK,SOMETIMES,2
SYN-R-0059,TRUE,phase1e_v1,YES,NO,NA_SKIP,NA_APPL,NA_APPL,NOT_USED,NA_SKIP,NA_SKIP,NA_SKIP,NOT_USED,NA_APPL,YES,NA_SKIP,SOURCE,CHECK_COVERAGE,核对指标口径,SURVEY,OBSERVED,SELF_STUDY,ECONOMICS,YEAR_4,OTHER_WITH_RELATED_MAJOR,TEACHER,NA_APPL,1
SYN-R-0060,TRUE,phase1e_v1,YES,NO,NA_MISS,NOT_USED,NA_SKIP,NA_SKIP,NA_DK,NA_SKIP,NA_SKIP,NA_APPL,NOT_USED,NA_MISS,NA_MISS,NA_MISS,WITHHOLD_INFERENCE,比较可支持的结论,COURSE,LEAD,NONE,MANAGEMENT,YEAR_1,FINANCE_SPECIALIZED,COURSE,NA_APPL,NA_DK
SYN-R-0061,TRUE,phase1e_v1,YES,NO,NA_APPL,NA_SKIP,NA_MISS,NOT_USED,NA_MISS,NA_SKIP,NA_SKIP,NA_APPL,NOT_USED,NA_MISS,NA_MISS,DATE,CHECK_COVERAGE,比较可支持的结论,INNOVATION,ASSISTED,NA_DK,FINANCE,YEAR_3,OTHER_WITH_RELATED_MAJOR,TEACHER,NA_APPL,NA_DK
SYN-R-0062,TRUE,phase1e_v1,YES,YES,NO,NO,YES,NO,NO,NA_DK,NA_DK,PARTIAL,COMPARE_BASIS,NO,NA_APPL,NA_DK,CHECK_DEFINITION,比较可支持的结论,SURVEY,NA_SKIP,COURSE,MANAGEMENT,YEAR_4,FINANCE_SPECIALIZED,PEER,NEVER,5
SYN-R-0063,TRUE,phase1e_v1,YES,NO,NA_MISS,NA_MISS,NA_SKIP,NA_SKIP,NA_DK,NA_SKIP,NA_SKIP,NA_MISS,NOT_USED,NA_DK,NA_DK,SAMPLE,NA_MISS,NA_MISS,COURSE,LEAD,NA_DK,MANAGEMENT,YEAR_3,OTHER_WITH_RELATED_MAJOR,NA_DK,NA_DK,3
SYN-R-0064,TRUE,phase1e_v1,YES,YES,NA_DK,NA_DK,YES,NO,NA_DK,NA_DK,NA_DK,ACCEPT,COMPARE_BASIS,NO,NA_APPL,SOURCE,SEEK_OTHER_EVIDENCE,比较可支持的结论,MENTOR_PROJECT,NA_SKIP,SELF_STUDY,MANAGEMENT,YEAR_1,OTHER_WITH_RELATED_MAJOR,NA_DK,NA_DK,1
SYN-R-0065,TRUE,phase1e_v1,YES,YES,YES,YES,NO,NO,NA_MISS,NA_DK,NA_DK,REJECT,ASK_AGAIN,NA_DK,NA_DK,NA_DK,WITHHOLD_INFERENCE,NA_MISS,NONE,NA_APPL,NA_DK,FINANCE,YEAR_3,NA_REFUSE,TEACHER,NA_DK,NA_DK
SYN-R-0066,TRUE,phase1e_v1,NO,NA_SKIP,NOT_USED,NA_MISS,NA_SKIP,NA_DK,NOT_USED,NA_SKIP,NA_SKIP,NOT_USED,NA_APPL,NA_SKIP,NA_SKIP,NA_DK,SEEK_OTHER_EVIDENCE,核对指标口径,COURSE,LEAD,WORKSHOP,MANAGEMENT,YEAR_4,NA_REFUSE,NA_DK,NA_MISS,NA_APPL
SYN-R-0067,TRUE,phase1e_v1,YES,NO,NA_DK,NA_DK,NA_DK,NA_APPL,NA_MISS,NA_SKIP,NA_SKIP,NA_APPL,NA_APPL,YES,NOT_USED,SOURCE,CHECK_COVERAGE,比较可支持的结论,OTHER,NA_SKIP,WORKSHOP,ECONOMICS,YEAR_4,FINANCE_SPECIALIZED,NONE,NA_SKIP,1
SYN-R-0068,TRUE,phase1e_v1,YES,YES,YES,NO,NO,YES,NO,NO,NO_RELEVANT_OUTPUT,NA_DK,KEEP_VIEW,NO,NA_APPL,NA_MISS,WITHHOLD_INFERENCE,核对指标口径,SURVEY,NA_SKIP,SELF_STUDY,ECONOMICS,YEAR_4,OTHER_WITH_RELATED_MAJOR,NA_DK,SOMETIMES,3
SYN-R-0069,TRUE,phase1e_v1,YES,NO,NA_MISS,NA_MISS,NOT_USED,NA_MISS,NA_SKIP,NA_SKIP,NA_SKIP,NA_DK,NA_APPL,NA_DK,NA_DK,SOURCE,NA_MISS,核对指标口径,NONE,NA_APPL,NA_DK,ECONOMICS,YEAR_3,FINANCE_SPECIALIZED,TEACHER,NA_SKIP,2
SYN-R-0070,TRUE,phase1e_v1,YES,NO,NOT_USED,NA_SKIP,NA_DK,NA_MISS,NA_DK,NA_SKIP,NA_SKIP,NA_APPL,NOT_USED,NA_DK,NA_DK,SAMPLE,CHECK_COVERAGE,补充其他材料,SURVEY,LEAD,COURSE,FINANCE,YEAR_2,FINANCE_SPECIALIZED,NONE,NA_SKIP,2
SYN-R-0071,TRUE,phase1e_v1,YES,YES,NO,YES,YES,NO,YES,YES,NA_DK,NOT_ENCOUNTERED,COMPARE_BASIS,NO,NA_APPL,SOURCE,SEEK_OTHER_EVIDENCE,比较可支持的结论,INNOVATION,ASSISTED,COURSE,MANAGEMENT,YEAR_1,OTHER_WITH_RELATED_MAJOR,NA_DK,NEVER,3
SYN-R-0072,TRUE,phase1e_v1,YES,UNSURE,NOT_USED,NA_MISS,NA_DK,NA_DK,NA_APPL,NA_SKIP,NA_SKIP,NA_APPL,NA_APPL,NA_MISS,NA_MISS,SOURCE,CHECK_COVERAGE,NA_MISS,COURSE,ASSISTED,COURSE,ECONOMICS,YEAR_3,OTHER_WITH_RELATED_MAJOR,PEER,NA_DK,NA_APPL
SYN-R-0073,TRUE,phase1e_v1,YES,YES,NA_DK,NO,YES,YES,NA_DK,YES,CHECK_SUPPORT,MODIFY,ACCEPT,NA_DK,NA_DK,MEASURE,NA_MISS,比较可支持的结论,MENTOR_PROJECT,ASSISTED,WORKSHOP,FINANCE,YEAR_2,NA_REFUSE,COURSE,NA_DK,NA_DK
SYN-R-0074,TRUE,phase1e_v1,YES,UNSURE,NA_MISS,NA_DK,NA_APPL,NA_APPL,NA_SKIP,NA_SKIP,NA_SKIP,NA_SKIP,NA_SKIP,NA_MISS,NA_MISS,MEASURE,NA_MISS,核对指标口径,NONE,NA_APPL,NONE,FINANCE,YEAR_1,NA_REFUSE,PEER,NOT_USED,NA_APPL
SYN-R-0075,TRUE,phase1e_v1,YES,YES,YES,NO,YES,NA_DK,NA_DK,YES,NO_CHECK,PARTIAL,ACCEPT,NO,NA_APPL,SUPPORT,CHECK_COVERAGE,比较可支持的结论,INNOVATION,ASSISTED,NONE,OTHER_BUSINESS,YEAR_3,FINANCE_SPECIALIZED,NONE,OFTEN,4
SYN-R-0076,TRUE,phase1e_v1,YES,NO,NA_APPL,NA_DK,NA_SKIP,NA_APPL,NA_APPL,NA_SKIP,NA_SKIP,NA_MISS,NA_MISS,NA_DK,NA_DK,SUPPORT,WITHHOLD_INFERENCE,比较可支持的结论,COURSE,NA_SKIP,SELF_STUDY,FINANCE,YEAR_4,OTHER_WITH_RELATED_MAJOR,TEACHER,NA_APPL,4
SYN-R-0077,TRUE,phase1e_v1,YES,YES,NO,NA_DK,NO,NO,NA_DK,YES,COMPARE_SOURCE,NOT_ENCOUNTERED,KEEP_VIEW,NO,NA_APPL,SUPPORT,NA_MISS,核对指标口径,OTHER,OBSERVED,NONE,MANAGEMENT,YEAR_3,FINANCE_SPECIALIZED,NONE,NEVER,NA_DK
SYN-R-0078,TRUE,phase1e_v1,YES,YES,NA_DK,NA_DK,NA_DK,YES,YES,YES,COMPARE_SOURCE,NOT_ENCOUNTERED,NOT_ENCOUNTERED,YES,NA_DK,SAMPLE,CHECK_COVERAGE,核对指标口径,SURVEY,LEAD,SELF_STUDY,OTHER_BUSINESS,YEAR_2,NA_REFUSE,NONE,SOMETIMES,1
SYN-R-0079,TRUE,phase1e_v1,NO,NA_SKIP,NOT_USED,NOT_USED,NOT_USED,NA_MISS,NA_SKIP,NA_SKIP,NA_SKIP,NA_SKIP,NA_DK,NA_SKIP,NA_SKIP,NA_MISS,NA_MISS,比较可支持的结论,INNOVATION,LEAD,COURSE,FINANCE,YEAR_1,FINANCE_SPECIALIZED,NA_DK,NA_APPL,3
SYN-R-0080,TRUE,phase1e_v1,YES,YES,YES,NO,NO,NA_DK,NO,NO,NO_RELEVANT_OUTPUT,MODIFY,COMPARE_BASIS,NA_MISS,NA_MISS,DATE,WITHHOLD_INFERENCE,核对指标口径,INNOVATION,NA_SKIP,NONE,ECONOMICS,YEAR_1,OTHER_WITH_RELATED_MAJOR,PEER,NA_DK,2
SYN-R-0081,TRUE,phase1e_v1,YES,YES,YES,NA_DK,NA_DK,NO,YES,NO,NO_RELEVANT_OUTPUT,REJECT,ASK_AGAIN,YES,NA_DK,NA_DK,SEEK_OTHER_EVIDENCE,补充其他材料,COURSE,LEAD,NONE,OTHER_BUSINESS,YEAR_1,NA_REFUSE,COURSE,NA_DK,5
SYN-R-0082,TRUE,phase1e_v1,YES,YES,YES,NA_DK,YES,YES,YES,NA_DK,NA_DK,MODIFY,ASK_AGAIN,NO,NA_APPL,SOURCE,CHECK_DEFINITION,核对指标口径,INNOVATION,LEAD,SELF_STUDY,ECONOMICS,YEAR_3,OTHER_WITH_RELATED_MAJOR,PEER,NA_DK,3
SYN-R-0083,TRUE,phase1e_v1,YES,NO,NA_SKIP,NOT_USED,NOT_USED,NA_APPL,NA_DK,NA_SKIP,NA_SKIP,NA_DK,NA_MISS,NA_DK,NA_DK,DATE,WITHHOLD_INFERENCE,补充其他材料,OTHER,ASSISTED,NA_DK,FINANCE,YEAR_4,FINANCE_SPECIALIZED,COURSE,NA_SKIP,NA_DK
SYN-R-0084,TRUE,phase1e_v1,YES,YES,YES,YES,YES,NO,NA_MISS,YES,CHECK_EXISTENCE,NOT_ENCOUNTERED,ACCEPT,NO,NA_APPL,SAMPLE,SEEK_OTHER_EVIDENCE,NA_MISS,NONE,NA_APPL,NONE,ECONOMICS,YEAR_2,OTHER_WITH_RELATED_MAJOR,NA_DK,NEVER,2
SYN-R-0085,TRUE,phase1e_v1,YES,YES,YES,NA_DK,NA_DK,NO,NA_DK,NO,NO_RELEVANT_OUTPUT,NOT_ENCOUNTERED,NOT_ENCOUNTERED,YES,NA_DK,DATE,WITHHOLD_INFERENCE,补充其他材料,COURSE,ASSISTED,WORKSHOP,ECONOMICS,YEAR_2,NA_REFUSE,NONE,SOMETIMES,2
SYN-R-0086,TRUE,phase1e_v1,YES,NO,NA_DK,NA_SKIP,NA_SKIP,NA_APPL,NA_DK,NA_SKIP,NA_SKIP,NA_APPL,NA_DK,NA_MISS,NA_MISS,NA_DK,CHECK_COVERAGE,比较可支持的结论,COURSE,ASSISTED,NA_DK,OTHER_BUSINESS,YEAR_2,FINANCE_SPECIALIZED,TEACHER,NA_SKIP,1
SYN-R-0087,TRUE,phase1e_v1,YES,YES,NO,NO,NO,YES,NA_MISS,NA_DK,NA_DK,MODIFY,KEEP_VIEW,YES,NA_APPL,SOURCE,SEEK_OTHER_EVIDENCE,NA_MISS,COURSE,OBSERVED,COURSE,FINANCE,YEAR_2,FINANCE_SPECIALIZED,PEER,SOMETIMES,3
SYN-R-0088,TRUE,phase1e_v1,YES,NO,NOT_USED,NA_MISS,NA_MISS,NA_SKIP,NA_DK,NA_SKIP,NA_SKIP,NA_APPL,NA_MISS,NA_DK,NA_DK,SAMPLE,SEEK_OTHER_EVIDENCE,比较可支持的结论,SURVEY,ASSISTED,WORKSHOP,OTHER_BUSINESS,YEAR_1,NA_REFUSE,PEER,NOT_USED,1
SYN-R-0089,TRUE,phase1e_v1,YES,YES,NA_DK,YES,YES,YES,NA_DK,NO,NO_RELEVANT_OUTPUT,MODIFY,ACCEPT,NA_MISS,NA_MISS,NA_DK,NA_MISS,核对指标口径,COURSE,LEAD,NA_DK,MANAGEMENT,YEAR_3,NA_REFUSE,NONE,NA_DK,3
SYN-R-0090,TRUE,phase1e_v1,YES,UNSURE,NA_SKIP,NA_MISS,NA_SKIP,NA_MISS,NA_APPL,NA_SKIP,NA_SKIP,NA_APPL,NA_SKIP,NA_MISS,NA_MISS,NA_DK,CHECK_COVERAGE,比较可支持的结论,SURVEY,LEAD,COURSE,OTHER_BUSINESS,YEAR_3,OTHER_WITH_RELATED_MAJOR,COURSE,NA_SKIP,NA_APPL
SYN-R-0091,TRUE,phase1e_v1,YES,NO,NA_APPL,NA_APPL,NA_APPL,NA_MISS,NA_APPL,NA_SKIP,NA_SKIP,NOT_USED,NA_DK,NO,NA_APPL,SOURCE,WITHHOLD_INFERENCE,核对指标口径,MENTOR_PROJECT,LEAD,WORKSHOP,OTHER_BUSINESS,YEAR_1,NA_REFUSE,NA_DK,NOT_USED,5
SYN-R-0092,TRUE,phase1e_v1,NO,NA_SKIP,NOT_USED,NA_DK,NA_MISS,NA_SKIP,NA_APPL,NA_SKIP,NA_SKIP,NOT_USED,NA_DK,NA_SKIP,NA_SKIP,SUPPORT,NA_MISS,核对指标口径,COURSE,NA_SKIP,WORKSHOP,MANAGEMENT,YEAR_4,OTHER_WITH_RELATED_MAJOR,NONE,NA_APPL,NA_APPL
SYN-R-0093,TRUE,phase1e_v1,YES,YES,YES,NA_DK,YES,NA_DK,NA_MISS,YES,CHECK_EXISTENCE,PARTIAL,ASK_AGAIN,NO,NA_APPL,NA_DK,CHECK_COVERAGE,NA_MISS,NONE,NA_APPL,NA_DK,FINANCE,YEAR_2,NA_REFUSE,TEACHER,NEVER,5
SYN-R-0094,TRUE,phase1e_v1,YES,YES,YES,NO,YES,YES,NA_DK,NA_DK,NA_DK,NA_DK,ACCEPT,NO,NA_APPL,DATE,SEEK_OTHER_EVIDENCE,NA_MISS,MENTOR_PROJECT,NA_SKIP,COURSE,OTHER_BUSINESS,YEAR_1,FINANCE_SPECIALIZED,PEER,OFTEN,1
SYN-R-0095,TRUE,phase1e_v1,YES,UNSURE,NA_APPL,NOT_USED,NA_DK,NA_MISS,NA_DK,NA_SKIP,NA_SKIP,NA_DK,NA_MISS,NA_MISS,NA_MISS,NA_DK,CHECK_COVERAGE,核对指标口径,COURSE,NA_SKIP,NA_DK,OTHER_BUSINESS,YEAR_3,NA_REFUSE,TEACHER,NA_DK,1
SYN-R-0096,TRUE,phase1e_v1,YES,YES,YES,YES,NO,NO,NA_DK,NA_DK,NA_DK,PARTIAL,ACCEPT,NA_MISS,NA_MISS,SUPPORT,CHECK_DEFINITION,补充其他材料,INNOVATION,OBSERVED,NONE,FINANCE,YEAR_3,NA_REFUSE,PEER,OFTEN,5
SYN-R-0097,TRUE,phase1e_v1,YES,NO,NA_APPL,NA_APPL,NA_MISS,NA_MISS,NA_SKIP,NA_SKIP,NA_SKIP,NOT_USED,NA_MISS,NA_MISS,NA_MISS,MEASURE,SEEK_OTHER_EVIDENCE,核对指标口径,COURSE,OBSERVED,COURSE,ECONOMICS,YEAR_4,FINANCE_SPECIALIZED,COURSE,NA_DK,5
SYN-R-0098,TRUE,phase1e_v1,YES,NO,NA_MISS,NA_SKIP,NA_SKIP,NA_SKIP,NA_SKIP,NA_SKIP,NA_SKIP,NA_DK,NA_MISS,NO,NA_APPL,SUPPORT,SEEK_OTHER_EVIDENCE,NA_MISS,OTHER,ASSISTED,NONE,MANAGEMENT,YEAR_3,FINANCE_SPECIALIZED,TEACHER,NA_MISS,1
SYN-R-0099,TRUE,phase1e_v1,YES,NO,NA_SKIP,NA_MISS,NA_DK,NA_MISS,NA_APPL,NA_SKIP,NA_SKIP,NA_DK,NOT_USED,NA_MISS,NA_MISS,SAMPLE,SEEK_OTHER_EVIDENCE,核对指标口径,NONE,NA_APPL,SELF_STUDY,OTHER_BUSINESS,YEAR_2,FINANCE_SPECIALIZED,NONE,NA_DK,4
SYN-R-0100,TRUE,phase1e_v1,YES,NO,NOT_USED,NA_MISS,NA_APPL,NA_SKIP,NA_DK,NA_SKIP,NA_SKIP,NA_MISS,NA_APPL,NA_MISS,NA_MISS,NA_MISS,SEEK_OTHER_EVIDENCE,补充其他材料,NONE,NA_APPL,NONE,FINANCE,YEAR_2,FINANCE_SPECIALIZED,COURSE,NA_MISS,NA_DK
SYN-R-0101,TRUE,phase1e_v1,YES,UNSURE,NA_DK,NOT_USED,NA_SKIP,NA_SKIP,NA_DK,NA_SKIP,NA_SKIP,NA_APPL,NOT_USED,NO,NA_APPL,DATE,NA_MISS,补充其他材料,COURSE,NA_SKIP,COURSE,ECONOMICS,YEAR_2,FINANCE_SPECIALIZED,NA_DK,NA_SKIP,NA_APPL
SYN-R-0102,TRUE,phase1e_v1,YES,YES,NO,NA_DK,YES,NO,NA_MISS,YES,COMPARE_SOURCE,PARTIAL,ASK_AGAIN,NA_MISS,NA_MISS,DATE,SEEK_OTHER_EVIDENCE,NA_MISS,INNOVATION,ASSISTED,SELF_STUDY,FINANCE,YEAR_2,FINANCE_SPECIALIZED,COURSE,NA_DK,NA_DK
SYN-R-0103,TRUE,phase1e_v1,YES,NO,NA_SKIP,NA_APPL,NA_APPL,NA_DK,NA_MISS,NA_SKIP,NA_SKIP,NA_APPL,NA_DK,YES,NOT_USED,SAMPLE,WITHHOLD_INFERENCE,核对指标口径,COURSE,OBSERVED,SELF_STUDY,ECONOMICS,YEAR_2,FINANCE_SPECIALIZED,PEER,NA_MISS,4
SYN-R-0104,TRUE,phase1e_v1,YES,NO,NA_DK,NA_MISS,NOT_USED,NA_APPL,NA_SKIP,NA_SKIP,NA_SKIP,NA_SKIP,NA_MISS,NA_DK,NA_DK,SUPPORT,CHECK_COVERAGE,比较可支持的结论,NONE,NA_APPL,COURSE,OTHER_BUSINESS,YEAR_4,NA_REFUSE,PEER,NA_APPL,4
SYN-R-0105,TRUE,phase1e_v1,NO,NA_SKIP,NA_APPL,NA_DK,NA_MISS,NA_APPL,NOT_USED,NA_SKIP,NA_SKIP,NA_APPL,NA_APPL,NA_SKIP,NA_SKIP,DATE,CHECK_COVERAGE,比较可支持的结论,NONE,NA_APPL,WORKSHOP,MANAGEMENT,YEAR_2,NA_REFUSE,TEACHER,NOT_USED,1
SYN-R-0106,TRUE,phase1e_v1,YES,NO,NA_MISS,NOT_USED,NOT_USED,NA_SKIP,NA_APPL,NA_SKIP,NA_SKIP,NOT_USED,NA_DK,NO,NA_APPL,MEASURE,NA_MISS,NA_MISS,NONE,NA_APPL,SELF_STUDY,ECONOMICS,YEAR_2,OTHER_WITH_RELATED_MAJOR,NONE,NA_APPL,2
SYN-R-0107,TRUE,phase1e_v1,YES,YES,YES,YES,NA_DK,NA_DK,NO,NO,NO_RELEVANT_OUTPUT,NOT_ENCOUNTERED,COMPARE_BASIS,NO,NA_APPL,MEASURE,CHECK_COVERAGE,补充其他材料,SURVEY,LEAD,WORKSHOP,ECONOMICS,YEAR_3,NA_REFUSE,COURSE,NEVER,4
SYN-R-0108,TRUE,phase1e_v1,YES,NO,NA_SKIP,NA_MISS,NA_SKIP,NA_MISS,NOT_USED,NA_SKIP,NA_SKIP,NA_DK,NA_DK,YES,NA_APPL,NA_DK,CHECK_COVERAGE,补充其他材料,SURVEY,OBSERVED,COURSE,ECONOMICS,YEAR_2,NA_REFUSE,NA_DK,NOT_USED,5
SYN-R-0109,TRUE,phase1e_v1,YES,YES,NO,YES,NO,NO,YES,NA_DK,NA_DK,NA_DK,ASK_AGAIN,YES,NA_DK,MEASURE,CHECK_COVERAGE,补充其他材料,COURSE,LEAD,NA_DK,MANAGEMENT,YEAR_2,FINANCE_SPECIALIZED,TEACHER,OFTEN,3
SYN-R-0110,TRUE,phase1e_v1,YES,YES,NA_DK,NO,NO,YES,NO,YES,CHECK_SUPPORT,ACCEPT,NOT_ENCOUNTERED,YES,NO,NA_MISS,SEEK_OTHER_EVIDENCE,NA_MISS,OTHER,NA_SKIP,NA_DK,FINANCE,YEAR_4,FINANCE_SPECIALIZED,PEER,NA_DK,1
SYN-R-0111,TRUE,phase1e_v1,YES,YES,YES,NA_DK,NO,NA_DK,NO,NO,NO_RELEVANT_OUTPUT,MODIFY,NOT_ENCOUNTERED,NA_MISS,NA_MISS,SUPPORT,CHECK_COVERAGE,核对指标口径,OTHER,OBSERVED,WORKSHOP,OTHER_BUSINESS,YEAR_3,NA_REFUSE,COURSE,NEVER,2
SYN-R-0112,TRUE,phase1e_v1,YES,YES,YES,YES,NO,NA_DK,NA_MISS,NA_DK,NA_DK,NOT_ENCOUNTERED,KEEP_VIEW,NA_DK,NA_DK,SOURCE,NA_MISS,核对指标口径,COURSE,LEAD,WORKSHOP,OTHER_BUSINESS,YEAR_1,FINANCE_SPECIALIZED,TEACHER,SOMETIMES,1
SYN-R-0113,TRUE,phase1e_v1,YES,YES,NA_DK,NO,NO,NA_DK,NA_MISS,YES,COMPARE_SOURCE,ACCEPT,KEEP_VIEW,NO,NA_APPL,SOURCE,NA_MISS,补充其他材料,OTHER,LEAD,COURSE,OTHER_BUSINESS,YEAR_1,NA_REFUSE,COURSE,SOMETIMES,NA_APPL
SYN-R-0114,TRUE,phase1e_v1,YES,UNSURE,NA_MISS,NA_SKIP,NOT_USED,NA_SKIP,NA_APPL,NA_SKIP,NA_SKIP,NA_MISS,NOT_USED,NO,NA_APPL,DATE,NA_MISS,比较可支持的结论,MENTOR_PROJECT,NA_SKIP,NONE,ECONOMICS,YEAR_3,FINANCE_SPECIALIZED,TEACHER,NA_APPL,2
SYN-R-0115,TRUE,phase1e_v1,YES,YES,YES,NA_DK,NO,NA_DK,NO,YES,NO_CHECK,NA_DK,NOT_ENCOUNTERED,YES,NO,SUPPORT,WITHHOLD_INFERENCE,补充其他材料,MENTOR_PROJECT,LEAD,COURSE,OTHER_BUSINESS,YEAR_2,NA_REFUSE,COURSE,NA_DK,4
SYN-R-0116,TRUE,phase1e_v1,YES,NO,NOT_USED,NA_MISS,NA_DK,NA_SKIP,NA_MISS,NA_SKIP,NA_SKIP,NA_APPL,NOT_USED,NA_DK,NA_DK,SUPPORT,CHECK_DEFINITION,NA_MISS,SURVEY,ASSISTED,NA_DK,ECONOMICS,YEAR_2,OTHER_WITH_RELATED_MAJOR,NA_DK,NA_APPL,4
SYN-R-0117,TRUE,phase1e_v1,YES,NA_APPL,NA_APPL,NA_DK,NA_APPL,NA_SKIP,NOT_USED,NA_SKIP,NA_SKIP,NA_DK,NA_MISS,NA_DK,NA_DK,SAMPLE,WITHHOLD_INFERENCE,核对指标口径,NONE,NA_APPL,COURSE,OTHER_BUSINESS,YEAR_2,NA_REFUSE,NONE,NA_DK,2
SYN-R-0118,TRUE,phase1e_v1,NO,NA_SKIP,NA_SKIP,NA_MISS,NA_DK,NOT_USED,NA_SKIP,NA_SKIP,NA_SKIP,NA_SKIP,NA_SKIP,NA_SKIP,NA_SKIP,SAMPLE,CHECK_DEFINITION,NA_MISS,MENTOR_PROJECT,NA_SKIP,NA_DK,FINANCE,YEAR_4,OTHER_WITH_RELATED_MAJOR,PEER,NA_MISS,3
SYN-R-0119,TRUE,phase1e_v1,YES,NO,NA_MISS,NA_SKIP,NA_APPL,NA_SKIP,NA_DK,NA_SKIP,NA_SKIP,NA_MISS,NA_DK,NA_MISS,NA_MISS,MEASURE,CHECK_DEFINITION,补充其他材料,NONE,NA_APPL,NA_DK,OTHER_BUSINESS,YEAR_1,NA_REFUSE,TEACHER,NA_APPL,3
SYN-R-0120,TRUE,phase1e_v1,YES,NO,NA_SKIP,NOT_USED,NA_SKIP,NA_SKIP,NA_MISS,NA_SKIP,NA_SKIP,NOT_USED,NA_APPL,NO,NA_APPL,SOURCE,SEEK_OTHER_EVIDENCE,NA_MISS,COURSE,NA_SKIP,NA_DK,MANAGEMENT,YEAR_2,NA_REFUSE,COURSE,NA_DK,1
SYN-R-0121,TRUE,phase1e_v1,YES,NO,NA_APPL,NA_SKIP,NA_APPL,NA_APPL,NA_DK,NA_SKIP,NA_SKIP,NA_DK,NA_DK,NA_DK,NA_DK,DATE,CHECK_COVERAGE,比较可支持的结论,OTHER,NA_SKIP,COURSE,FINANCE,YEAR_1,OTHER_WITH_RELATED_MAJOR,NA_DK,NA_DK,2
SYN-R-0122,TRUE,phase1e_v1,YES,UNSURE,NA_DK,NA_SKIP,NA_APPL,NOT_USED,NA_APPL,NA_SKIP,NA_SKIP,NA_DK,NA_DK,YES,NA_SKIP,DATE,CHECK_DEFINITION,补充其他材料,COURSE,ASSISTED,NA_DK,MANAGEMENT,YEAR_1,NA_REFUSE,NA_DK,NA_DK,NA_APPL
SYN-R-0123,TRUE,phase1e_v1,YES,UNSURE,NA_APPL,NA_DK,NOT_USED,NA_APPL,NA_APPL,NA_SKIP,NA_SKIP,NA_MISS,NA_SKIP,NA_DK,NA_DK,SAMPLE,CHECK_DEFINITION,NA_MISS,MENTOR_PROJECT,OBSERVED,NA_DK,OTHER_BUSINESS,YEAR_4,FINANCE_SPECIALIZED,COURSE,NOT_USED,3
SYN-R-0124,TRUE,phase1e_v1,YES,NA_APPL,NA_APPL,NA_SKIP,NOT_USED,NA_APPL,NA_DK,NA_SKIP,NA_SKIP,NA_APPL,NA_MISS,YES,NA_APPL,SUPPORT,SEEK_OTHER_EVIDENCE,补充其他材料,COURSE,OBSERVED,NA_DK,ECONOMICS,YEAR_3,OTHER_WITH_RELATED_MAJOR,PEER,NA_DK,NA_DK
SYN-R-0125,TRUE,phase1e_v1,YES,YES,NO,YES,NO,NA_DK,NA_MISS,YES,NA_DK,NOT_ENCOUNTERED,ACCEPT,NA_DK,NA_DK,SOURCE,NA_MISS,补充其他材料,NONE,NA_APPL,COURSE,OTHER_BUSINESS,YEAR_4,OTHER_WITH_RELATED_MAJOR,NA_DK,NEVER,2
SYN-R-0126,TRUE,phase1e_v1,YES,NO,NA_MISS,NA_DK,NA_DK,NOT_USED,NA_SKIP,NA_SKIP,NA_SKIP,NA_SKIP,NOT_USED,YES,NA_APPL,SOURCE,NA_MISS,核对指标口径,INNOVATION,ASSISTED,NONE,FINANCE,YEAR_1,FINANCE_SPECIALIZED,COURSE,NA_MISS,3
SYN-R-0127,TRUE,phase1e_v1,YES,NO,NA_APPL,NA_MISS,NA_MISS,NA_MISS,NA_DK,NA_SKIP,NA_SKIP,NA_SKIP,NA_DK,YES,NOT_USED,SAMPLE,WITHHOLD_INFERENCE,NA_MISS,NONE,NA_APPL,WORKSHOP,MANAGEMENT,YEAR_1,OTHER_WITH_RELATED_MAJOR,COURSE,NA_SKIP,5
SYN-R-0128,TRUE,phase1e_v1,YES,NO,NA_MISS,NOT_USED,NA_DK,NA_SKIP,NOT_USED,NA_SKIP,NA_SKIP,NA_APPL,NOT_USED,YES,NA_APPL,DATE,WITHHOLD_INFERENCE,补充其他材料,OTHER,OBSERVED,NA_DK,ECONOMICS,YEAR_3,FINANCE_SPECIALIZED,NONE,NA_DK,2
SYN-R-0129,TRUE,phase1e_v1,YES,NO,NA_MISS,NA_APPL,NOT_USED,NOT_USED,NA_MISS,NA_SKIP,NA_SKIP,NOT_USED,NA_MISS,YES,NA_MISS,SAMPLE,WITHHOLD_INFERENCE,NA_MISS,MENTOR_PROJECT,LEAD,NONE,MANAGEMENT,YEAR_4,NA_REFUSE,PEER,NA_APPL,5
SYN-R-0130,TRUE,phase1e_v1,YES,YES,NA_DK,NO,NO,NO,NA_MISS,NO,NO_RELEVANT_OUTPUT,MODIFY,COMPARE_BASIS,NO,NA_APPL,SUPPORT,NA_MISS,核对指标口径,COURSE,NA_SKIP,NONE,MANAGEMENT,YEAR_1,NA_REFUSE,NA_DK,SOMETIMES,4
SYN-R-0131,TRUE,phase1e_v1,NO,NA_SKIP,NA_MISS,NA_SKIP,NOT_USED,NA_MISS,NA_DK,NA_SKIP,NA_SKIP,NA_DK,NA_DK,NA_SKIP,NA_SKIP,NA_DK,WITHHOLD_INFERENCE,补充其他材料,OTHER,NA_SKIP,COURSE,OTHER_BUSINESS,YEAR_1,FINANCE_SPECIALIZED,PEER,NA_SKIP,4
SYN-R-0132,TRUE,phase1e_v1,YES,NO,NA_SKIP,NA_APPL,NA_SKIP,NA_DK,NA_APPL,NA_SKIP,NA_SKIP,NA_DK,NA_DK,NA_MISS,NA_MISS,SOURCE,CHECK_COVERAGE,补充其他材料,COURSE,ASSISTED,NA_DK,MANAGEMENT,YEAR_1,OTHER_WITH_RELATED_MAJOR,TEACHER,NOT_USED,2
SYN-R-0133,TRUE,phase1e_v1,YES,NO,NA_MISS,NA_DK,NA_SKIP,NA_APPL,NA_MISS,NA_SKIP,NA_SKIP,NOT_USED,NA_MISS,NA_DK,NA_DK,SAMPLE,CHECK_COVERAGE,补充其他材料,OTHER,OBSERVED,NA_DK,FINANCE,YEAR_4,OTHER_WITH_RELATED_MAJOR,NONE,NA_APPL,2
SYN-R-0134,TRUE,phase1e_v1,YES,NO,NA_APPL,NA_DK,NA_MISS,NA_SKIP,NOT_USED,NA_SKIP,NA_SKIP,NA_APPL,NA_MISS,NA_DK,NA_DK,NA_DK,CHECK_DEFINITION,核对指标口径,OTHER,OBSERVED,NA_DK,OTHER_BUSINESS,YEAR_3,NA_REFUSE,NONE,NA_DK,NA_APPL
SYN-R-0135,TRUE,phase1e_v1,YES,YES,YES,NA_DK,NO,YES,NA_DK,YES,NO_CHECK,PARTIAL,KEEP_VIEW,NA_DK,NA_DK,SUPPORT,WITHHOLD_INFERENCE,比较可支持的结论,INNOVATION,ASSISTED,NA_DK,OTHER_BUSINESS,YEAR_3,NA_REFUSE,COURSE,NA_DK,NA_APPL
SYN-R-0136,TRUE,phase1e_v1,YES,YES,NA_DK,YES,NO,NO,NA_MISS,NO,NO_RELEVANT_OUTPUT,NA_DK,KEEP_VIEW,NA_DK,NA_DK,NA_MISS,CHECK_DEFINITION,补充其他材料,NONE,NA_APPL,NA_DK,MANAGEMENT,YEAR_3,NA_REFUSE,TEACHER,SOMETIMES,3
SYN-R-0137,TRUE,phase1e_v1,YES,YES,YES,YES,NO,NA_DK,NO,YES,COMPARE_SOURCE,PARTIAL,KEEP_VIEW,NA_MISS,NA_MISS,NA_MISS,SEEK_OTHER_EVIDENCE,比较可支持的结论,MENTOR_PROJECT,OBSERVED,NONE,ECONOMICS,YEAR_2,NA_REFUSE,NA_DK,NA_DK,NA_APPL
SYN-R-0138,TRUE,phase1e_v1,YES,NO,NA_APPL,NOT_USED,NOT_USED,NA_APPL,NA_APPL,NA_SKIP,NA_SKIP,NA_DK,NOT_USED,NO,NA_APPL,NA_DK,CHECK_COVERAGE,核对指标口径,COURSE,OBSERVED,NONE,FINANCE,YEAR_1,NA_REFUSE,COURSE,NOT_USED,NA_APPL
SYN-R-0139,TRUE,phase1e_v1,YES,YES,NA_DK,NA_DK,NA_DK,NO,NA_DK,YES,COMPARE_SOURCE,REJECT,ASK_AGAIN,NA_MISS,NA_MISS,NA_MISS,WITHHOLD_INFERENCE,核对指标口径,COURSE,LEAD,SELF_STUDY,ECONOMICS,YEAR_3,NA_REFUSE,NONE,OFTEN,5
SYN-R-0140,TRUE,phase1e_v1,YES,YES,NA_DK,YES,NA_DK,NA_DK,NA_MISS,NO,NO_RELEVANT_OUTPUT,NOT_ENCOUNTERED,ASK_AGAIN,NA_DK,NA_DK,SOURCE,CHECK_DEFINITION,NA_MISS,COURSE,OBSERVED,WORKSHOP,FINANCE,YEAR_3,FINANCE_SPECIALIZED,NONE,OFTEN,3
SYN-R-0141,TRUE,phase1e_v1,YES,NO,NA_DK,NA_APPL,NA_DK,NA_MISS,NA_MISS,NA_SKIP,NA_SKIP,NOT_USED,NA_APPL,NA_DK,NA_DK,NA_DK,NA_MISS,NA_MISS,NONE,NA_APPL,COURSE,FINANCE,YEAR_2,FINANCE_SPECIALIZED,NA_DK,NOT_USED,NA_DK
SYN-R-0142,TRUE,phase1e_v1,YES,YES,NO,YES,NO,NO,NO,NA_DK,NA_DK,NA_DK,COMPARE_BASIS,YES,NA_DK,NA_DK,NA_MISS,NA_MISS,NONE,NA_APPL,COURSE,ECONOMICS,YEAR_2,FINANCE_SPECIALIZED,NONE,NA_DK,2
SYN-R-0143,TRUE,phase1e_v1,YES,NO,NOT_USED,NOT_USED,NOT_USED,NA_MISS,NA_SKIP,NA_SKIP,NA_SKIP,NA_MISS,NA_APPL,NA_DK,NA_DK,SAMPLE,NA_MISS,NA_MISS,COURSE,OBSERVED,COURSE,OTHER_BUSINESS,YEAR_3,FINANCE_SPECIALIZED,PEER,NA_APPL,NA_APPL
SYN-R-0144,TRUE,phase1e_v1,NO,NA_SKIP,NA_MISS,NOT_USED,NA_DK,NA_APPL,NA_APPL,NA_SKIP,NA_SKIP,NA_MISS,NA_APPL,NA_SKIP,NA_SKIP,SAMPLE,CHECK_COVERAGE,NA_MISS,OTHER,LEAD,NONE,MANAGEMENT,YEAR_1,OTHER_WITH_RELATED_MAJOR,NONE,NA_SKIP,1
SYN-R-0145,TRUE,phase1e_v1,YES,YES,NA_DK,NA_DK,NA_DK,NO,NA_DK,NO,NO_RELEVANT_OUTPUT,MODIFY,NOT_ENCOUNTERED,NA_DK,NA_DK,SOURCE,CHECK_DEFINITION,NA_MISS,COURSE,LEAD,SELF_STUDY,FINANCE,YEAR_3,NA_REFUSE,TEACHER,SOMETIMES,3
SYN-R-0146,TRUE,phase1e_v1,YES,YES,YES,NO,NO,NA_DK,NA_MISS,NA_DK,NA_DK,REJECT,COMPARE_BASIS,NA_DK,NA_DK,SUPPORT,NA_MISS,比较可支持的结论,COURSE,ASSISTED,NA_DK,FINANCE,YEAR_4,FINANCE_SPECIALIZED,COURSE,NA_DK,NA_DK
SYN-R-0147,TRUE,phase1e_v1,YES,YES,NO,NO,YES,NA_DK,NA_MISS,NO,NO_RELEVANT_OUTPUT,PARTIAL,NOT_ENCOUNTERED,NO,NA_APPL,SAMPLE,NA_MISS,比较可支持的结论,INNOVATION,OBSERVED,COURSE,FINANCE,YEAR_2,OTHER_WITH_RELATED_MAJOR,PEER,OFTEN,5
SYN-R-0148,TRUE,phase1e_v1,YES,YES,NO,NA_DK,YES,YES,YES,NO,NO_RELEVANT_OUTPUT,REJECT,NOT_ENCOUNTERED,YES,NA_DK,SUPPORT,SEEK_OTHER_EVIDENCE,补充其他材料,COURSE,ASSISTED,NONE,FINANCE,YEAR_4,OTHER_WITH_RELATED_MAJOR,PEER,NEVER,4
SYN-R-0149,TRUE,phase1e_v1,YES,YES,NO,NA_DK,NO,NA_DK,NA_DK,NA_DK,NA_DK,NA_DK,ASK_AGAIN,NA_MISS,NA_MISS,SOURCE,WITHHOLD_INFERENCE,补充其他材料,COURSE,OBSERVED,COURSE,ECONOMICS,YEAR_4,OTHER_WITH_RELATED_MAJOR,COURSE,NA_DK,NA_APPL
SYN-R-0150,TRUE,phase1e_v1,YES,YES,NO,NA_DK,YES,NA_DK,YES,NO,NO_RELEVANT_OUTPUT,NA_DK,NOT_ENCOUNTERED,NA_DK,NA_DK,SOURCE,WITHHOLD_INFERENCE,比较可支持的结论,COURSE,OBSERVED,NA_DK,MANAGEMENT,YEAR_3,FINANCE_SPECIALIZED,COURSE,NEVER,NA_APPL
SYN-R-0151,TRUE,phase1e_v1,YES,YES,YES,YES,YES,NO,NO,YES,NO_CHECK,PARTIAL,ASK_AGAIN,NA_MISS,NA_MISS,SOURCE,NA_MISS,比较可支持的结论,MENTOR_PROJECT,LEAD,COURSE,ECONOMICS,YEAR_4,FINANCE_SPECIALIZED,TEACHER,NEVER,NA_DK
SYN-R-0152,TRUE,phase1e_v1,YES,NA_APPL,NOT_USED,NA_MISS,NA_SKIP,NA_DK,NOT_USED,NA_SKIP,NA_SKIP,NA_MISS,NA_DK,NO,NA_APPL,NA_DK,NA_MISS,补充其他材料,COURSE,ASSISTED,COURSE,MANAGEMENT,YEAR_4,OTHER_WITH_RELATED_MAJOR,PEER,NA_DK,3
SYN-R-0153,TRUE,phase1e_v1,YES,YES,YES,NO,NO,NA_DK,YES,NO,NO_RELEVANT_OUTPUT,REJECT,ASK_AGAIN,NA_DK,NA_DK,MEASURE,CHECK_DEFINITION,补充其他材料,COURSE,NA_SKIP,NA_DK,ECONOMICS,YEAR_1,FINANCE_SPECIALIZED,PEER,NA_DK,4
SYN-R-0154,TRUE,phase1e_v1,YES,NO,NA_DK,NOT_USED,NA_APPL,NA_MISS,NA_DK,NA_SKIP,NA_SKIP,NA_MISS,NA_MISS,NO,NA_APPL,SUPPORT,CHECK_COVERAGE,比较可支持的结论,MENTOR_PROJECT,ASSISTED,NONE,OTHER_BUSINESS,YEAR_3,FINANCE_SPECIALIZED,NA_DK,NOT_USED,3
SYN-R-0155,TRUE,phase1e_v1,YES,NO,NA_SKIP,NOT_USED,NA_SKIP,NOT_USED,NA_SKIP,NA_SKIP,NA_SKIP,NOT_USED,NA_SKIP,NO,NA_APPL,SUPPORT,WITHHOLD_INFERENCE,核对指标口径,COURSE,LEAD,NA_DK,FINANCE,YEAR_1,OTHER_WITH_RELATED_MAJOR,NONE,NA_DK,3
SYN-R-0156,TRUE,phase1e_v1,YES,NO,NA_MISS,NA_MISS,NA_DK,NA_MISS,NA_SKIP,NA_SKIP,NA_SKIP,NA_DK,NOT_USED,NA_DK,NA_DK,MEASURE,NA_MISS,比较可支持的结论,MENTOR_PROJECT,LEAD,NA_DK,OTHER_BUSINESS,YEAR_1,NA_REFUSE,TEACHER,NA_MISS,5
SYN-R-0157,TRUE,phase1e_v1,NO,NA_SKIP,NA_APPL,NA_DK,NA_SKIP,NA_APPL,NA_APPL,NA_SKIP,NA_SKIP,NA_SKIP,NOT_USED,NA_SKIP,NA_SKIP,NA_MISS,NA_MISS,NA_MISS,NONE,NA_APPL,NONE,MANAGEMENT,YEAR_3,NA_REFUSE,PEER,NA_DK,NA_DK
SYN-R-0158,TRUE,phase1e_v1,YES,YES,YES,NA_DK,YES,NA_DK,YES,YES,CHECK_EXISTENCE,PARTIAL,KEEP_VIEW,NA_MISS,NA_MISS,SAMPLE,CHECK_DEFINITION,NA_MISS,MENTOR_PROJECT,NA_SKIP,NA_DK,ECONOMICS,YEAR_1,NA_REFUSE,PEER,NA_DK,1
SYN-R-0159,TRUE,phase1e_v1,YES,YES,YES,YES,YES,NA_DK,NA_MISS,NA_DK,NA_DK,ACCEPT,KEEP_VIEW,NO,NA_APPL,MEASURE,SEEK_OTHER_EVIDENCE,核对指标口径,NONE,NA_APPL,NONE,FINANCE,YEAR_2,FINANCE_SPECIALIZED,TEACHER,OFTEN,NA_APPL
SYN-R-0160,TRUE,phase1e_v1,YES,YES,NA_DK,YES,NA_DK,YES,NA_DK,NA_DK,NA_DK,NA_DK,ASK_AGAIN,NO,NA_APPL,NA_DK,SEEK_OTHER_EVIDENCE,核对指标口径,COURSE,OBSERVED,NA_DK,FINANCE,YEAR_1,FINANCE_SPECIALIZED,NONE,OFTEN,2
SYN-R-0161,TRUE,phase1e_v1,YES,NO,NOT_USED,NOT_USED,NOT_USED,NA_MISS,NA_MISS,NA_SKIP,NA_SKIP,NOT_USED,NA_DK,NA_DK,NA_DK,SAMPLE,WITHHOLD_INFERENCE,核对指标口径,COURSE,ASSISTED,NA_DK,MANAGEMENT,YEAR_3,FINANCE_SPECIALIZED,TEACHER,NA_APPL,3
SYN-R-0162,TRUE,phase1e_v1,YES,YES,NA_DK,YES,NO,NO,NO,NA_DK,NA_DK,NOT_ENCOUNTERED,ACCEPT,NA_DK,NA_DK,NA_DK,CHECK_COVERAGE,NA_MISS,COURSE,OBSERVED,COURSE,MANAGEMENT,YEAR_3,FINANCE_SPECIALIZED,NA_DK,NEVER,NA_DK
SYN-R-0163,TRUE,phase1e_v1,YES,NO,NOT_USED,NOT_USED,NA_MISS,NA_APPL,NA_SKIP,NA_SKIP,NA_SKIP,NA_MISS,NA_SKIP,NA_DK,NA_DK,NA_MISS,WITHHOLD_INFERENCE,核对指标口径,COURSE,NA_SKIP,NONE,FINANCE,YEAR_1,OTHER_WITH_RELATED_MAJOR,NONE,NA_MISS,NA_APPL
SYN-R-0164,TRUE,phase1e_v1,YES,YES,YES,NA_DK,NA_DK,NA_DK,NA_DK,YES,CHECK_EXISTENCE,REJECT,COMPARE_BASIS,NA_MISS,NA_MISS,NA_DK,NA_MISS,核对指标口径,SURVEY,ASSISTED,NONE,FINANCE,YEAR_2,NA_REFUSE,PEER,NEVER,4
SYN-R-0165,TRUE,phase1e_v1,YES,YES,NA_DK,NA_DK,NO,NA_DK,NA_MISS,NO,NO_RELEVANT_OUTPUT,NOT_ENCOUNTERED,KEEP_VIEW,NA_MISS,NA_MISS,SUPPORT,SEEK_OTHER_EVIDENCE,核对指标口径,INNOVATION,OBSERVED,SELF_STUDY,MANAGEMENT,YEAR_2,OTHER_WITH_RELATED_MAJOR,COURSE,NEVER,1
SYN-R-0166,TRUE,phase1e_v1,YES,YES,NO,YES,NA_DK,NO,NA_MISS,YES,CHECK_EXISTENCE,NOT_ENCOUNTERED,ACCEPT,YES,NA_DK,SAMPLE,CHECK_COVERAGE,比较可支持的结论,NONE,NA_APPL,NONE,OTHER_BUSINESS,YEAR_3,FINANCE_SPECIALIZED,TEACHER,NA_DK,1
SYN-R-0167,TRUE,phase1e_v1,YES,UNSURE,NOT_USED,NA_MISS,NOT_USED,NA_DK,NA_DK,NA_SKIP,NA_SKIP,NA_DK,NA_APPL,NA_DK,NA_DK,DATE,NA_MISS,比较可支持的结论,SURVEY,OBSERVED,WORKSHOP,FINANCE,YEAR_4,NA_REFUSE,PEER,NOT_USED,3
SYN-R-0168,TRUE,phase1e_v1,YES,YES,NA_DK,NA_DK,NO,YES,NA_DK,NA_DK,NA_DK,NA_DK,ACCEPT,NO,NA_APPL,DATE,SEEK_OTHER_EVIDENCE,NA_MISS,MENTOR_PROJECT,NA_SKIP,SELF_STUDY,MANAGEMENT,YEAR_3,NA_REFUSE,PEER,NA_DK,5
SYN-R-0169,TRUE,phase1e_v1,YES,NO,NA_MISS,NA_MISS,NOT_USED,NA_DK,NA_DK,NA_SKIP,NA_SKIP,NA_APPL,NA_DK,NA_DK,NA_DK,SAMPLE,NA_MISS,补充其他材料,OTHER,ASSISTED,SELF_STUDY,MANAGEMENT,YEAR_4,FINANCE_SPECIALIZED,NA_DK,NA_MISS,NA_DK
SYN-R-0170,TRUE,phase1e_v1,NO,NA_SKIP,NA_MISS,NA_APPL,NOT_USED,NOT_USED,NA_DK,NA_SKIP,NA_SKIP,NA_SKIP,NA_SKIP,NA_SKIP,NA_SKIP,SUPPORT,CHECK_COVERAGE,核对指标口径,SURVEY,ASSISTED,NA_DK,FINANCE,YEAR_1,FINANCE_SPECIALIZED,COURSE,NA_SKIP,2
SYN-R-0171,TRUE,phase1e_v1,YES,NO,NOT_USED,NA_DK,NA_MISS,NA_APPL,NA_MISS,NA_SKIP,NA_SKIP,NA_SKIP,NA_DK,NO,NA_APPL,SUPPORT,WITHHOLD_INFERENCE,比较可支持的结论,COURSE,NA_SKIP,NA_DK,ECONOMICS,YEAR_4,FINANCE_SPECIALIZED,NONE,NA_MISS,2
SYN-R-0172,TRUE,phase1e_v1,YES,YES,NO,NO,YES,NO,NA_MISS,NA_DK,NA_DK,PARTIAL,ACCEPT,NO,NA_APPL,SAMPLE,CHECK_DEFINITION,补充其他材料,OTHER,NA_SKIP,COURSE,OTHER_BUSINESS,YEAR_1,NA_REFUSE,COURSE,NA_DK,2
SYN-R-0173,TRUE,phase1e_v1,YES,UNSURE,NA_MISS,NOT_USED,NOT_USED,NA_SKIP,NA_DK,NA_SKIP,NA_SKIP,NA_SKIP,NA_APPL,NA_DK,NA_DK,MEASURE,CHECK_COVERAGE,NA_MISS,COURSE,OBSERVED,COURSE,MANAGEMENT,YEAR_1,FINANCE_SPECIALIZED,NONE,NA_MISS,NA_DK
SYN-R-0174,TRUE,phase1e_v1,YES,YES,NO,YES,NA_DK,YES,NA_MISS,NA_DK,NA_DK,REJECT,ASK_AGAIN,NO,NA_APPL,NA_DK,CHECK_DEFINITION,比较可支持的结论,COURSE,OBSERVED,WORKSHOP,MANAGEMENT,YEAR_2,OTHER_WITH_RELATED_MAJOR,NONE,OFTEN,2
SYN-R-0175,TRUE,phase1e_v1,YES,NA_APPL,NA_MISS,NOT_USED,NA_SKIP,NOT_USED,NA_DK,NA_SKIP,NA_SKIP,NA_APPL,NA_APPL,NA_DK,NA_DK,NA_MISS,CHECK_COVERAGE,核对指标口径,NONE,NA_APPL,COURSE,MANAGEMENT,YEAR_4,OTHER_WITH_RELATED_MAJOR,NA_DK,NA_MISS,NA_APPL
SYN-R-0176,TRUE,phase1e_v1,YES,NO,NA_SKIP,NA_APPL,NA_SKIP,NA_DK,NA_DK,NA_SKIP,NA_SKIP,NOT_USED,NA_DK,YES,NA_APPL,SAMPLE,CHECK_DEFINITION,NA_MISS,COURSE,LEAD,NA_DK,MANAGEMENT,YEAR_2,FINANCE_SPECIALIZED,NA_DK,NA_APPL,NA_APPL
SYN-R-0177,TRUE,phase1e_v1,YES,NO,NA_DK,NA_APPL,NA_SKIP,NA_SKIP,NA_SKIP,NA_SKIP,NA_SKIP,NA_DK,NA_SKIP,NO,NA_APPL,NA_DK,SEEK_OTHER_EVIDENCE,补充其他材料,MENTOR_PROJECT,OBSERVED,NA_DK,FINANCE,YEAR_2,FINANCE_SPECIALIZED,NONE,NA_APPL,3
SYN-R-0178,TRUE,phase1e_v1,YES,YES,YES,NO,NA_DK,YES,NA_MISS,NA_DK,NA_DK,MODIFY,COMPARE_BASIS,NA_DK,NA_DK,SOURCE,CHECK_COVERAGE,核对指标口径,INNOVATION,ASSISTED,WORKSHOP,OTHER_BUSINESS,YEAR_3,FINANCE_SPECIALIZED,PEER,NA_DK,NA_APPL
SYN-R-0179,TRUE,phase1e_v1,YES,NA_APPL,NA_APPL,NOT_USED,NOT_USED,NA_DK,NA_DK,NA_SKIP,NA_SKIP,NA_APPL,NOT_USED,NA_DK,NA_DK,SOURCE,NA_MISS,NA_MISS,NONE,NA_APPL,NONE,ECONOMICS,YEAR_3,FINANCE_SPECIALIZED,NONE,NA_MISS,NA_DK
SYN-R-0180,TRUE,phase1e_v1,YES,YES,YES,NA_DK,YES,NA_DK,NA_DK,NA_DK,NA_DK,MODIFY,KEEP_VIEW,YES,NA_APPL,MEASURE,SEEK_OTHER_EVIDENCE,核对指标口径,COURSE,ASSISTED,SELF_STUDY,OTHER_BUSINESS,YEAR_4,NA_REFUSE,PEER,SOMETIMES,NA_DK
SYN-R-0181,TRUE,phase1e_v1,YES,YES,NA_DK,NO,NO,YES,NA_MISS,NO,NO_RELEVANT_OUTPUT,REJECT,ACCEPT,NO,NA_APPL,NA_MISS,NA_MISS,补充其他材料,SURVEY,NA_SKIP,SELF_STUDY,OTHER_BUSINESS,YEAR_2,FINANCE_SPECIALIZED,COURSE,SOMETIMES,NA_DK
SYN-R-0182,TRUE,phase1e_v1,YES,YES,NA_DK,NO,NA_DK,NA_DK,YES,YES,COMPARE_SOURCE,NA_DK,ACCEPT,YES,NO,NA_DK,SEEK_OTHER_EVIDENCE,补充其他材料,MENTOR_PROJECT,NA_SKIP,NONE,MANAGEMENT,YEAR_1,NA_REFUSE,TEACHER,OFTEN,5
SYN-R-0183,TRUE,phase1e_v1,NO,NA_SKIP,NA_APPL,NA_MISS,NA_DK,NOT_USED,NA_APPL,NA_SKIP,NA_SKIP,NA_APPL,NA_MISS,NA_SKIP,NA_SKIP,NA_DK,WITHHOLD_INFERENCE,补充其他材料,NONE,NA_APPL,NONE,ECONOMICS,YEAR_1,NA_REFUSE,NA_DK,NA_MISS,3
SYN-R-0184,TRUE,phase1e_v1,YES,NO,NA_APPL,NA_APPL,NA_SKIP,NA_APPL,NA_MISS,NA_SKIP,NA_SKIP,NOT_USED,NOT_USED,NO,NA_APPL,DATE,NA_MISS,补充其他材料,SURVEY,LEAD,SELF_STUDY,ECONOMICS,YEAR_3,NA_REFUSE,PEER,NA_MISS,NA_DK
SYN-R-0185,TRUE,phase1e_v1,YES,YES,YES,NO,NA_DK,NO,NO,NA_DK,NA_DK,REJECT,COMPARE_BASIS,NA_MISS,NA_MISS,SAMPLE,SEEK_OTHER_EVIDENCE,比较可支持的结论,SURVEY,OBSERVED,WORKSHOP,FINANCE,YEAR_2,NA_REFUSE,NA_DK,OFTEN,NA_APPL
SYN-R-0186,TRUE,phase1e_v1,YES,NO,NA_APPL,NOT_USED,NA_SKIP,NA_MISS,NA_MISS,NA_SKIP,NA_SKIP,NA_DK,NA_APPL,NO,NA_APPL,NA_DK,CHECK_COVERAGE,核对指标口径,MENTOR_PROJECT,ASSISTED,SELF_STUDY,MANAGEMENT,YEAR_2,NA_REFUSE,NA_DK,NA_APPL,2
SYN-R-0187,TRUE,phase1e_v1,YES,YES,NO,NA_DK,NA_DK,NO,NA_DK,NA_DK,NA_DK,NOT_ENCOUNTERED,KEEP_VIEW,NA_DK,NA_DK,NA_DK,SEEK_OTHER_EVIDENCE,比较可支持的结论,NONE,NA_APPL,NA_DK,MANAGEMENT,YEAR_4,NA_REFUSE,TEACHER,NA_DK,2
SYN-R-0188,TRUE,phase1e_v1,YES,YES,NA_DK,NO,NA_DK,YES,NA_MISS,NO,NO_RELEVANT_OUTPUT,NOT_ENCOUNTERED,KEEP_VIEW,NO,NA_APPL,SAMPLE,NA_MISS,补充其他材料,COURSE,LEAD,SELF_STUDY,OTHER_BUSINESS,YEAR_4,NA_REFUSE,NA_DK,NEVER,NA_APPL
SYN-R-0189,TRUE,phase1e_v1,YES,YES,NO,YES,YES,YES,YES,NO,NO_RELEVANT_OUTPUT,ACCEPT,ASK_AGAIN,YES,YES,SUPPORT,CHECK_DEFINITION,NA_MISS,COURSE,LEAD,SELF_STUDY,MANAGEMENT,YEAR_1,FINANCE_SPECIALIZED,COURSE,SOMETIMES,1
SYN-R-0190,TRUE,phase1e_v1,YES,YES,YES,NA_DK,NA_DK,NA_DK,YES,NO,NO_RELEVANT_OUTPUT,PARTIAL,KEEP_VIEW,YES,YES,SAMPLE,CHECK_DEFINITION,NA_MISS,NONE,NA_APPL,WORKSHOP,MANAGEMENT,YEAR_4,NA_REFUSE,TEACHER,NA_DK,4
SYN-R-0191,TRUE,phase1e_v1,YES,UNSURE,NA_DK,NA_MISS,NA_SKIP,NA_SKIP,NA_APPL,NA_SKIP,NA_SKIP,NA_DK,NOT_USED,NA_DK,NA_DK,SOURCE,CHECK_DEFINITION,补充其他材料,COURSE,NA_SKIP,WORKSHOP,FINANCE,YEAR_4,OTHER_WITH_RELATED_MAJOR,TEACHER,NA_APPL,4
SYN-R-0192,TRUE,phase1e_v1,YES,YES,NA_DK,NO,YES,NA_DK,NO,NA_DK,NA_DK,REJECT,ASK_AGAIN,NO,NA_APPL,MEASURE,CHECK_COVERAGE,补充其他材料,COURSE,LEAD,NONE,ECONOMICS,YEAR_4,OTHER_WITH_RELATED_MAJOR,PEER,NA_DK,NA_DK
SYN-R-0193,TRUE,phase1e_v1,YES,YES,NO,NO,NO,NA_DK,NA_DK,NA_DK,NA_DK,PARTIAL,NOT_ENCOUNTERED,NO,NA_APPL,SOURCE,NA_MISS,NA_MISS,COURSE,OBSERVED,SELF_STUDY,OTHER_BUSINESS,YEAR_2,FINANCE_SPECIALIZED,PEER,OFTEN,3
SYN-R-0194,TRUE,phase1e_v1,YES,YES,NA_DK,YES,NO,NO,NA_MISS,NA_DK,NA_DK,ACCEPT,KEEP_VIEW,YES,NA_APPL,SAMPLE,WITHHOLD_INFERENCE,比较可支持的结论,NONE,NA_APPL,WORKSHOP,FINANCE,YEAR_2,OTHER_WITH_RELATED_MAJOR,NA_DK,OFTEN,1
SYN-R-0195,TRUE,phase1e_v1,YES,NO,NA_DK,NA_MISS,NA_SKIP,NA_MISS,NA_APPL,NA_SKIP,NA_SKIP,NA_DK,NA_MISS,NA_MISS,NA_MISS,SAMPLE,SEEK_OTHER_EVIDENCE,补充其他材料,MENTOR_PROJECT,ASSISTED,SELF_STUDY,OTHER_BUSINESS,YEAR_3,FINANCE_SPECIALIZED,NA_DK,NA_SKIP,2
SYN-R-0196,TRUE,phase1e_v1,NO,NA_SKIP,NOT_USED,NOT_USED,NA_APPL,NA_MISS,NA_MISS,NA_SKIP,NA_SKIP,NA_APPL,NA_MISS,NA_SKIP,NA_SKIP,SAMPLE,SEEK_OTHER_EVIDENCE,比较可支持的结论,NONE,NA_APPL,NA_DK,OTHER_BUSINESS,YEAR_1,OTHER_WITH_RELATED_MAJOR,COURSE,NOT_USED,NA_APPL
SYN-R-0197,TRUE,phase1e_v1,YES,NO,NA_APPL,NA_APPL,NA_SKIP,NA_MISS,NA_APPL,NA_SKIP,NA_SKIP,NA_APPL,NA_MISS,NA_DK,NA_DK,NA_MISS,CHECK_COVERAGE,NA_MISS,SURVEY,NA_SKIP,NA_DK,OTHER_BUSINESS,YEAR_2,OTHER_WITH_RELATED_MAJOR,PEER,NA_MISS,2
SYN-R-0198,TRUE,phase1e_v1,YES,YES,YES,NO,NO,YES,NO,NO,NO_RELEVANT_OUTPUT,NA_DK,COMPARE_BASIS,YES,NA_APPL,SAMPLE,NA_MISS,比较可支持的结论,COURSE,ASSISTED,WORKSHOP,ECONOMICS,YEAR_3,NA_REFUSE,NONE,OFTEN,2
SYN-R-0199,TRUE,phase1e_v1,YES,YES,YES,NA_DK,NO,NA_DK,YES,NA_DK,NA_DK,NOT_ENCOUNTERED,COMPARE_BASIS,NA_DK,NA_DK,MEASURE,WITHHOLD_INFERENCE,补充其他材料,INNOVATION,LEAD,COURSE,OTHER_BUSINESS,YEAR_1,NA_REFUSE,NONE,SOMETIMES,2
SYN-R-0200,TRUE,phase1e_v1,YES,YES,NO,NA_DK,YES,NO,NA_DK,YES,CHECK_SUPPORT,NA_DK,COMPARE_BASIS,YES,NA_DK,DATE,CHECK_COVERAGE,NA_MISS,MENTOR_PROJECT,OBSERVED,NONE,ECONOMICS,YEAR_4,OTHER_WITH_RELATED_MAJOR,NONE,SOMETIMES,2
SYN-R-0201,TRUE,phase1e_v1,YES,YES,NO,NA_DK,NO,YES,YES,NA_DK,NA_DK,NOT_ENCOUNTERED,NOT_ENCOUNTERED,YES,NO,NA_MISS,CHECK_COVERAGE,NA_MISS,COURSE,NA_SKIP,WORKSHOP,MANAGEMENT,YEAR_4,OTHER_WITH_RELATED_MAJOR,NONE,NEVER,3
SYN-R-0202,TRUE,phase1e_v1,YES,NO,NA_SKIP,NA_APPL,NA_SKIP,NA_APPL,NA_APPL,NA_SKIP,NA_SKIP,NA_APPL,NA_DK,NO,NA_APPL,NA_DK,CHECK_DEFINITION,NA_MISS,MENTOR_PROJECT,ASSISTED,COURSE,MANAGEMENT,YEAR_2,FINANCE_SPECIALIZED,NA_DK,NA_DK,5
SYN-R-0203,TRUE,phase1e_v1,YES,YES,NA_DK,NA_DK,NA_DK,NA_DK,NO,NA_DK,NA_DK,MODIFY,ASK_AGAIN,YES,NA_APPL,SOURCE,NA_MISS,比较可支持的结论,COURSE,ASSISTED,WORKSHOP,OTHER_BUSINESS,YEAR_2,FINANCE_SPECIALIZED,TEACHER,SOMETIMES,4
SYN-R-0204,TRUE,phase1e_v1,YES,NO,NA_SKIP,NA_DK,NA_DK,NOT_USED,NA_DK,NA_SKIP,NA_SKIP,NA_MISS,NA_MISS,YES,NA_SKIP,SUPPORT,SEEK_OTHER_EVIDENCE,核对指标口径,MENTOR_PROJECT,ASSISTED,COURSE,OTHER_BUSINESS,YEAR_2,FINANCE_SPECIALIZED,PEER,NA_DK,5
SYN-R-0205,TRUE,phase1e_v1,YES,YES,NO,NA_DK,NA_DK,YES,NA_DK,NO,NO_RELEVANT_OUTPUT,ACCEPT,NOT_ENCOUNTERED,NA_DK,NA_DK,SAMPLE,SEEK_OTHER_EVIDENCE,比较可支持的结论,INNOVATION,OBSERVED,NA_DK,MANAGEMENT,YEAR_4,NA_REFUSE,NONE,SOMETIMES,2
SYN-R-0206,TRUE,phase1e_v1,YES,NO,NA_APPL,NA_SKIP,NA_APPL,NA_DK,NA_MISS,NA_SKIP,NA_SKIP,NA_APPL,NA_APPL,NO,NA_APPL,DATE,SEEK_OTHER_EVIDENCE,NA_MISS,NONE,NA_APPL,COURSE,OTHER_BUSINESS,YEAR_1,NA_REFUSE,NONE,NA_MISS,NA_DK
SYN-R-0207,TRUE,phase1e_v1,YES,YES,NA_DK,NA_DK,NA_DK,NA_DK,NA_MISS,NA_DK,NA_DK,REJECT,KEEP_VIEW,NA_MISS,NA_MISS,DATE,CHECK_COVERAGE,核对指标口径,NONE,NA_APPL,SELF_STUDY,MANAGEMENT,YEAR_3,OTHER_WITH_RELATED_MAJOR,PEER,NEVER,5
SYN-R-0208,TRUE,phase1e_v1,YES,NA_APPL,NA_SKIP,NA_APPL,NOT_USED,NA_SKIP,NA_APPL,NA_SKIP,NA_SKIP,NA_MISS,NA_APPL,NA_MISS,NA_MISS,MEASURE,CHECK_COVERAGE,NA_MISS,INNOVATION,ASSISTED,NA_DK,MANAGEMENT,YEAR_1,FINANCE_SPECIALIZED,PEER,NA_SKIP,NA_DK
SYN-R-0209,TRUE,phase1e_v1,NO,NA_SKIP,NA_DK,NA_APPL,NA_DK,NA_DK,NA_SKIP,NA_SKIP,NA_SKIP,NOT_USED,NA_APPL,NA_SKIP,NA_SKIP,NA_MISS,CHECK_COVERAGE,补充其他材料,COURSE,NA_SKIP,SELF_STUDY,MANAGEMENT,YEAR_1,OTHER_WITH_RELATED_MAJOR,NA_DK,NA_MISS,2
SYN-R-0210,TRUE,phase1e_v1,YES,YES,NA_DK,NO,NO,NO,NA_DK,NO,NO_RELEVANT_OUTPUT,NA_DK,ASK_AGAIN,NA_DK,NA_DK,NA_MISS,WITHHOLD_INFERENCE,核对指标口径,SURVEY,ASSISTED,SELF_STUDY,MANAGEMENT,YEAR_2,FINANCE_SPECIALIZED,NA_DK,OFTEN,4
SYN-R-0211,TRUE,phase1e_v1,YES,UNSURE,NA_MISS,NA_APPL,NA_MISS,NA_APPL,NOT_USED,NA_SKIP,NA_SKIP,NA_DK,NA_DK,NO,NA_APPL,NA_DK,NA_MISS,核对指标口径,OTHER,OBSERVED,NONE,OTHER_BUSINESS,YEAR_3,OTHER_WITH_RELATED_MAJOR,TEACHER,NA_APPL,NA_APPL
SYN-R-0212,TRUE,phase1e_v1,YES,YES,NA_DK,NA_DK,NO,YES,NA_MISS,NO,NO_RELEVANT_OUTPUT,NA_DK,ASK_AGAIN,NA_MISS,NA_MISS,NA_MISS,WITHHOLD_INFERENCE,NA_MISS,MENTOR_PROJECT,LEAD,WORKSHOP,MANAGEMENT,YEAR_2,FINANCE_SPECIALIZED,COURSE,OFTEN,2
SYN-R-0213,TRUE,phase1e_v1,YES,NO,NA_SKIP,NOT_USED,NA_APPL,NA_MISS,NA_MISS,NA_SKIP,NA_SKIP,NA_APPL,NA_MISS,NO,NA_APPL,MEASURE,CHECK_DEFINITION,补充其他材料,INNOVATION,ASSISTED,NA_DK,FINANCE,YEAR_3,OTHER_WITH_RELATED_MAJOR,PEER,NA_DK,NA_APPL
SYN-R-0214,TRUE,phase1e_v1,YES,NO,NA_SKIP,NA_DK,NA_MISS,NA_SKIP,NA_MISS,NA_SKIP,NA_SKIP,NA_SKIP,NOT_USED,YES,NA_DK,MEASURE,NA_MISS,比较可支持的结论,MENTOR_PROJECT,OBSERVED,SELF_STUDY,OTHER_BUSINESS,YEAR_2,NA_REFUSE,PEER,NA_APPL,3
SYN-R-0215,TRUE,phase1e_v1,YES,YES,YES,YES,NA_DK,NO,YES,NO,NO_RELEVANT_OUTPUT,ACCEPT,ACCEPT,NA_MISS,NA_MISS,NA_DK,SEEK_OTHER_EVIDENCE,核对指标口径,NONE,NA_APPL,NA_DK,ECONOMICS,YEAR_1,NA_REFUSE,PEER,OFTEN,4
SYN-R-0216,TRUE,phase1e_v1,YES,YES,NA_DK,NO,YES,NA_DK,NA_MISS,NO,NO_RELEVANT_OUTPUT,ACCEPT,NOT_ENCOUNTERED,NA_MISS,NA_MISS,SUPPORT,NA_MISS,核对指标口径,COURSE,OBSERVED,NA_DK,FINANCE,YEAR_1,OTHER_WITH_RELATED_MAJOR,NONE,SOMETIMES,NA_APPL
SYN-R-0217,TRUE,phase1e_v1,YES,NO,NA_SKIP,NOT_USED,NA_APPL,NA_SKIP,NA_APPL,NA_SKIP,NA_SKIP,NA_MISS,NA_APPL,NO,NA_APPL,NA_DK,CHECK_DEFINITION,NA_MISS,COURSE,NA_SKIP,NONE,OTHER_BUSINESS,YEAR_2,NA_REFUSE,TEACHER,NA_MISS,4
SYN-R-0218,TRUE,phase1e_v1,YES,UNSURE,NOT_USED,NA_MISS,NOT_USED,NA_SKIP,NOT_USED,NA_SKIP,NA_SKIP,NA_MISS,NA_APPL,NA_MISS,NA_MISS,SUPPORT,CHECK_COVERAGE,比较可支持的结论,SURVEY,LEAD,SELF_STUDY,MANAGEMENT,YEAR_2,FINANCE_SPECIALIZED,TEACHER,NA_DK,NA_DK
SYN-R-0219,TRUE,phase1e_v1,YES,YES,YES,NA_DK,YES,NO,NA_MISS,NA_DK,NA_DK,REJECT,COMPARE_BASIS,NA_DK,NA_DK,SUPPORT,SEEK_OTHER_EVIDENCE,比较可支持的结论,COURSE,OBSERVED,NA_DK,MANAGEMENT,YEAR_4,NA_REFUSE,NA_DK,NEVER,4
SYN-R-0220,TRUE,phase1e_v1,YES,YES,NA_DK,NO,NO,YES,YES,NA_DK,NA_DK,MODIFY,ACCEPT,NA_DK,NA_DK,NA_DK,SEEK_OTHER_EVIDENCE,核对指标口径,MENTOR_PROJECT,LEAD,NONE,MANAGEMENT,YEAR_3,FINANCE_SPECIALIZED,COURSE,NEVER,NA_DK
SYN-R-0221,TRUE,phase1e_v1,YES,YES,NO,NO,YES,NO,NA_MISS,NA_DK,NA_DK,NA_DK,ACCEPT,NA_MISS,NA_MISS,SUPPORT,SEEK_OTHER_EVIDENCE,补充其他材料,INNOVATION,ASSISTED,NA_DK,ECONOMICS,YEAR_1,OTHER_WITH_RELATED_MAJOR,TEACHER,SOMETIMES,2
SYN-R-0222,TRUE,phase1e_v1,NO,NA_SKIP,NA_MISS,NA_DK,NA_SKIP,NOT_USED,NOT_USED,NA_SKIP,NA_SKIP,NA_DK,NA_APPL,NA_SKIP,NA_SKIP,SOURCE,CHECK_COVERAGE,核对指标口径,NONE,NA_APPL,WORKSHOP,ECONOMICS,YEAR_3,NA_REFUSE,NONE,NA_DK,1
SYN-R-0223,TRUE,phase1e_v1,YES,YES,NO,NA_DK,NO,NO,NA_DK,YES,NO_CHECK,PARTIAL,ASK_AGAIN,NO,NA_APPL,SUPPORT,CHECK_COVERAGE,核对指标口径,COURSE,OBSERVED,COURSE,ECONOMICS,YEAR_4,NA_REFUSE,NA_DK,NA_DK,4
SYN-R-0224,TRUE,phase1e_v1,YES,YES,YES,YES,NO,YES,YES,NO,NO_RELEVANT_OUTPUT,NA_DK,COMPARE_BASIS,NO,NA_APPL,NA_DK,CHECK_COVERAGE,补充其他材料,COURSE,NA_SKIP,SELF_STUDY,MANAGEMENT,YEAR_4,OTHER_WITH_RELATED_MAJOR,TEACHER,SOMETIMES,NA_APPL
SYN-R-0225,TRUE,phase1e_v1,YES,YES,NA_DK,NA_DK,YES,NA_DK,NA_MISS,NA_DK,NA_DK,PARTIAL,KEEP_VIEW,NA_DK,NA_DK,MEASURE,SEEK_OTHER_EVIDENCE,补充其他材料,COURSE,LEAD,NONE,ECONOMICS,YEAR_2,FINANCE_SPECIALIZED,NA_DK,NA_DK,2
SYN-R-0226,TRUE,phase1e_v1,YES,YES,YES,NA_DK,YES,YES,NO,YES,NA_DK,REJECT,NOT_ENCOUNTERED,NO,NA_APPL,SOURCE,NA_MISS,补充其他材料,NONE,NA_APPL,SELF_STUDY,MANAGEMENT,YEAR_1,FINANCE_SPECIALIZED,COURSE,OFTEN,1
SYN-R-0227,TRUE,phase1e_v1,YES,NA_APPL,NOT_USED,NA_DK,NA_MISS,NA_MISS,NOT_USED,NA_SKIP,NA_SKIP,NA_MISS,NA_MISS,NO,NA_APPL,NA_DK,NA_MISS,补充其他材料,SURVEY,LEAD,NA_DK,OTHER_BUSINESS,YEAR_4,FINANCE_SPECIALIZED,NA_DK,NA_DK,4
SYN-R-0228,TRUE,phase1e_v1,YES,YES,NO,NO,NA_DK,NO,NO,YES,NO_CHECK,ACCEPT,NOT_ENCOUNTERED,NA_MISS,NA_MISS,NA_DK,CHECK_DEFINITION,比较可支持的结论,INNOVATION,ASSISTED,NONE,ECONOMICS,YEAR_3,FINANCE_SPECIALIZED,TEACHER,OFTEN,NA_APPL
SYN-R-0229,TRUE,phase1e_v1,YES,NO,NA_DK,NA_APPL,NOT_USED,NA_APPL,NA_SKIP,NA_SKIP,NA_SKIP,NOT_USED,NA_DK,NO,NA_APPL,SOURCE,WITHHOLD_INFERENCE,补充其他材料,COURSE,LEAD,SELF_STUDY,OTHER_BUSINESS,YEAR_4,OTHER_WITH_RELATED_MAJOR,COURSE,NA_MISS,3
SYN-R-0230,TRUE,phase1e_v1,YES,YES,YES,NO,NA_DK,NO,NA_DK,NO,NO_RELEVANT_OUTPUT,REJECT,ACCEPT,NA_MISS,NA_MISS,SOURCE,NA_MISS,比较可支持的结论,OTHER,OBSERVED,COURSE,MANAGEMENT,YEAR_1,NA_REFUSE,NA_DK,NA_DK,NA_DK
SYN-R-0231,TRUE,phase1e_v1,YES,NO,NOT_USED,NA_APPL,NA_APPL,NA_MISS,NA_MISS,NA_SKIP,NA_SKIP,NA_DK,NOT_USED,YES,NA_MISS,SUPPORT,WITHHOLD_INFERENCE,比较可支持的结论,COURSE,OBSERVED,NA_DK,MANAGEMENT,YEAR_2,FINANCE_SPECIALIZED,COURSE,NOT_USED,NA_DK
SYN-R-0232,TRUE,phase1e_v1,YES,NA_APPL,NA_APPL,NA_SKIP,NA_DK,NA_SKIP,NA_APPL,NA_SKIP,NA_SKIP,NA_APPL,NA_DK,NA_MISS,NA_MISS,NA_MISS,CHECK_DEFINITION,核对指标口径,MENTOR_PROJECT,OBSERVED,NONE,ECONOMICS,YEAR_1,FINANCE_SPECIALIZED,PEER,NA_SKIP,3
SYN-R-0233,TRUE,phase1e_v1,YES,NO,NA_DK,NA_APPL,NA_MISS,NOT_USED,NOT_USED,NA_SKIP,NA_SKIP,NA_SKIP,NA_SKIP,NO,NA_APPL,SUPPORT,NA_MISS,补充其他材料,MENTOR_PROJECT,LEAD,SELF_STUDY,ECONOMICS,YEAR_3,FINANCE_SPECIALIZED,PEER,NA_SKIP,NA_APPL
SYN-R-0234,TRUE,phase1e_v1,YES,YES,YES,NA_DK,NA_DK,YES,NO,NA_DK,NA_DK,NA_DK,ACCEPT,NA_MISS,NA_MISS,SAMPLE,WITHHOLD_INFERENCE,NA_MISS,COURSE,LEAD,NA_DK,FINANCE,YEAR_3,NA_REFUSE,NA_DK,OFTEN,5
SYN-R-0235,TRUE,phase1e_v1,NO,NA_SKIP,NA_MISS,NA_DK,NA_DK,NA_APPL,NA_SKIP,NA_SKIP,NA_SKIP,NA_APPL,NA_APPL,NA_SKIP,NA_SKIP,NA_MISS,WITHHOLD_INFERENCE,补充其他材料,COURSE,ASSISTED,SELF_STUDY,ECONOMICS,YEAR_3,OTHER_WITH_RELATED_MAJOR,PEER,NA_SKIP,NA_DK
SYN-R-0236,TRUE,phase1e_v1,YES,YES,NO,NA_DK,NO,NA_DK,NA_DK,NA_DK,NA_DK,MODIFY,ACCEPT,YES,NO,DATE,SEEK_OTHER_EVIDENCE,比较可支持的结论,NONE,NA_APPL,NA_DK,MANAGEMENT,YEAR_2,NA_REFUSE,COURSE,NEVER,3
SYN-R-0237,TRUE,phase1e_v1,YES,NO,NA_MISS,NA_APPL,NOT_USED,NA_SKIP,NA_APPL,NA_SKIP,NA_SKIP,NA_SKIP,NA_MISS,NO,NA_APPL,SOURCE,SEEK_OTHER_EVIDENCE,核对指标口径,INNOVATION,ASSISTED,NA_DK,OTHER_BUSINESS,YEAR_3,NA_REFUSE,PEER,NOT_USED,1
SYN-R-0238,TRUE,phase1e_v1,YES,NO,NA_SKIP,NA_DK,NA_SKIP,NA_DK,NA_SKIP,NA_SKIP,NA_SKIP,NA_MISS,NA_MISS,NA_DK,NA_DK,DATE,CHECK_COVERAGE,补充其他材料,COURSE,ASSISTED,NONE,MANAGEMENT,YEAR_1,OTHER_WITH_RELATED_MAJOR,NA_DK,NOT_USED,2
SYN-R-0239,TRUE,phase1e_v1,YES,NA_APPL,NA_MISS,NA_MISS,NA_SKIP,NOT_USED,NA_APPL,NA_SKIP,NA_SKIP,NA_DK,NOT_USED,NA_MISS,NA_MISS,DATE,SEEK_OTHER_EVIDENCE,比较可支持的结论,MENTOR_PROJECT,LEAD,NA_DK,FINANCE,YEAR_1,OTHER_WITH_RELATED_MAJOR,NONE,NOT_USED,1
SYN-R-0240,TRUE,phase1e_v1,YES,YES,NA_DK,NO,NO,NO,NA_DK,YES,CHECK_SUPPORT,NA_DK,NOT_ENCOUNTERED,NO,NA_APPL,SUPPORT,WITHHOLD_INFERENCE,补充其他材料,INNOVATION,OBSERVED,NA_DK,MANAGEMENT,YEAR_4,OTHER_WITH_RELATED_MAJOR,PEER,OFTEN,NA_DK
