research_id,synthetic_flag,synthetic_version,task_status,analysis_eligible,ai_used_in_task,ai_stage,asked_reason,checked_evidence,modified_ai,rejected_ai,final_decision_owner,research_experience_group,problem_definition,information_evaluation,method_fit,limitation_boundary,independent_decision,reasoning_quality
SYN-R-0236,TRUE,phase1f_validation_v1,COMPLETE,TRUE,NO,NA_SKIP,NA_SKIP,NA_SKIP,NA_SKIP,NA_SKIP,STUDENT,COURSE,0,1,1,1,2,1
SYN-R-0108,TRUE,phase1f_validation_v1,COMPLETE,TRUE,YES,INFORMATION,NA_DK,NO,YES,NA_APPL,UNCLEAR,NONE,1,1,1,1,0,0
SYN-R-0094,TRUE,phase1f_validation_v1,ABORTED,FALSE,YES,LIMITATION,YES,YES,NO,NO,UNCLEAR,MENTOR_PROJECT,NOT_SCORABLE,NOT_SCORABLE,NOT_SCORABLE,NOT_SCORABLE,NOT_SCORABLE,NOT_SCORABLE
SYN-R-0132,TRUE,phase1f_validation_v1,COMPLETE,TRUE,NO,NA_SKIP,NA_SKIP,NA_SKIP,NA_SKIP,NA_SKIP,UNCLEAR,COURSE,2,2,2,1,1,2
SYN-R-0088,TRUE,phase1f_validation_v1,COMPLETE,TRUE,NO,NA_SKIP,NA_SKIP,NA_SKIP,NA_SKIP,NA_SKIP,STUDENT,SURVEY,0,0,2,1,0,1
SYN-R-0169,TRUE,phase1f_validation_v1,COMPLETE,TRUE,NO,NA_SKIP,NA_SKIP,NA_SKIP,NA_SKIP,NA_SKIP,UNCLEAR,MENTOR_PROJECT,1,1,1,2,0,0
SYN-R-0192,TRUE,phase1f_validation_v1,COMPLETE,TRUE,YES,INFORMATION,NA_DK,YES,YES,YES,STUDENT_AFTER_AI_INPUT,COURSE,2,0,2,2,1,2
SYN-R-0230,TRUE,phase1f_validation_v1,PARTIAL,FALSE,NO,NA_SKIP,NA_SKIP,NA_SKIP,NA_SKIP,NA_SKIP,UNCLEAR,MENTOR_PROJECT,NOT_SCORABLE,NOT_SCORABLE,NOT_SCORABLE,1,2,1
SYN-R-0017,TRUE,phase1f_validation_v1,PARTIAL,FALSE,NO,NA_SKIP,NA_SKIP,NA_SKIP,NA_SKIP,NA_SKIP,STUDENT,COURSE,NOT_SCORABLE,1,2,1,NOT_SCORABLE,2
SYN-R-0110,TRUE,phase1f_validation_v1,COMPLETE,TRUE,YES,LIMITATION,NO,NA_DK,NA_APPL,NO,STUDENT,COURSE,1,1,1,2,2,2
SYN-R-0146,TRUE,phase1f_validation_v1,COMPLETE,TRUE,YES,INFORMATION,NO,NO,NA_APPL,NA_APPL,STUDENT,SURVEY,1,1,2,1,1,1
SYN-R-0202,TRUE,phase1f_validation_v1,PARTIAL,FALSE,YES,LIMITATION,YES,NA_DK,NO,YES,STUDENT_AFTER_AI_INPUT,COURSE,0,NOT_SCORABLE,NOT_SCORABLE,NOT_SCORABLE,NOT_SCORABLE,NOT_SCORABLE
SYN-R-0208,TRUE,phase1f_validation_v1,COMPLETE,TRUE,YES,WRITING,NO,NA_DK,NA_APPL,YES,STUDENT,COURSE,1,1,1,0,1,1
SYN-R-0179,TRUE,phase1f_validation_v1,PARTIAL,FALSE,NO,NA_SKIP,NA_SKIP,NA_SKIP,NA_SKIP,NA_SKIP,STUDENT,MENTOR_PROJECT,NOT_SCORABLE,1,1,1,NOT_SCORABLE,NOT_SCORABLE
SYN-R-0028,TRUE,phase1f_validation_v1,COMPLETE,TRUE,NO,NA_SKIP,NA_SKIP,NA_SKIP,NA_SKIP,NA_SKIP,STUDENT,MENTOR_PROJECT,2,1,1,1,0,1
SYN-R-0218,TRUE,phase1f_validation_v1,COMPLETE,TRUE,YES,LIMITATION,NO,YES,NA_APPL,NO,UNCLEAR,COURSE,0,0,1,2,1,0
SYN-R-0180,TRUE,phase1f_validation_v1,COMPLETE,TRUE,YES,METHOD,NA_DK,NA_DK,NO,NO,STUDENT,NONE,0,2,1,2,1,2
SYN-R-0211,TRUE,phase1f_validation_v1,COMPLETE,TRUE,NO,NA_SKIP,NA_SKIP,NA_SKIP,NA_SKIP,NA_SKIP,UNCLEAR,SURVEY,1,0,2,1,2,2
SYN-R-0109,TRUE,phase1f_validation_v1,COMPLETE,TRUE,YES,INFORMATION,YES,NA_DK,NO,NA_APPL,STUDENT_AFTER_AI_INPUT,INNOVATION,1,1,0,1,1,2
SYN-R-0134,TRUE,phase1f_validation_v1,COMPLETE,TRUE,NO,NA_SKIP,NA_SKIP,NA_SKIP,NA_SKIP,NA_SKIP,STUDENT,OTHER,1,2,0,2,1,1
SYN-R-0042,TRUE,phase1f_validation_v1,COMPLETE,TRUE,NO,NA_SKIP,NA_SKIP,NA_SKIP,NA_SKIP,NA_SKIP,STUDENT,COURSE,2,2,1,1,1,1
SYN-R-0033,TRUE,phase1f_validation_v1,COMPLETE,TRUE,YES,INFORMATION,NA_DK,NO,NA_APPL,YES,UNCLEAR,INNOVATION,1,2,1,0,1,0
SYN-R-0090,TRUE,phase1f_validation_v1,ABORTED,FALSE,NO,NA_SKIP,NA_SKIP,NA_SKIP,NA_SKIP,NA_SKIP,UNCLEAR,MENTOR_PROJECT,NOT_SCORABLE,NOT_SCORABLE,NOT_SCORABLE,NOT_SCORABLE,NOT_SCORABLE,NOT_SCORABLE
SYN-R-0032,TRUE,phase1f_validation_v1,COMPLETE,TRUE,NO,NA_SKIP,NA_SKIP,NA_SKIP,NA_SKIP,NA_SKIP,UNCLEAR,INNOVATION,2,2,1,1,1,1
SYN-R-0167,TRUE,phase1f_validation_v1,COMPLETE,TRUE,YES,WRITING,YES,NA_DK,NA_APPL,NO,STUDENT,INNOVATION,1,2,0,1,1,1
SYN-R-0009,TRUE,phase1f_validation_v1,ABORTED,FALSE,YES,QUESTION,YES,YES,NA_APPL,NA_APPL,UNCLEAR,MENTOR_PROJECT,NOT_SCORABLE,NOT_SCORABLE,NOT_SCORABLE,NOT_SCORABLE,NOT_SCORABLE,NOT_SCORABLE
SYN-R-0048,TRUE,phase1f_validation_v1,PARTIAL,FALSE,NO,NA_SKIP,NA_SKIP,NA_SKIP,NA_SKIP,NA_SKIP,UNCLEAR,SURVEY,NOT_SCORABLE,NOT_SCORABLE,NOT_SCORABLE,NOT_SCORABLE,0,NOT_SCORABLE
SYN-R-0080,TRUE,phase1f_validation_v1,COMPLETE,TRUE,NO,NA_SKIP,NA_SKIP,NA_SKIP,NA_SKIP,NA_SKIP,UNCLEAR,COURSE,1,0,1,2,0,0
SYN-R-0140,TRUE,phase1f_validation_v1,COMPLETE,TRUE,NO,NA_SKIP,NA_SKIP,NA_SKIP,NA_SKIP,NA_SKIP,STUDENT,INNOVATION,2,0,1,1,0,1
SYN-R-0025,TRUE,phase1f_validation_v1,COMPLETE,TRUE,NO,NA_SKIP,NA_SKIP,NA_SKIP,NA_SKIP,NA_SKIP,STUDENT,MENTOR_PROJECT,1,1,2,1,1,1
SYN-R-0231,TRUE,phase1f_validation_v1,PARTIAL,FALSE,YES,INFORMATION,NA_DK,YES,NO,NA_APPL,STUDENT_AFTER_AI_INPUT,MENTOR_PROJECT,NOT_SCORABLE,NOT_SCORABLE,0,NOT_SCORABLE,1,NOT_SCORABLE
SYN-R-0095,TRUE,phase1f_validation_v1,COMPLETE,TRUE,YES,QUESTION,NA_DK,NO,NA_APPL,NO,UNCLEAR,SURVEY,1,0,1,1,2,1
SYN-R-0063,TRUE,phase1f_validation_v1,COMPLETE,TRUE,NO,NA_SKIP,NA_SKIP,NA_SKIP,NA_SKIP,NA_SKIP,STUDENT,MENTOR_PROJECT,2,1,1,2,1,1
SYN-R-0170,TRUE,phase1f_validation_v1,COMPLETE,TRUE,YES,WRITING,NA_DK,YES,YES,NO,STUDENT_AFTER_AI_INPUT,OTHER,1,2,2,1,1,0
SYN-R-0193,TRUE,phase1f_validation_v1,COMPLETE,TRUE,NO,NA_SKIP,NA_SKIP,NA_SKIP,NA_SKIP,NA_SKIP,UNCLEAR,COURSE,1,0,1,1,1,1
SYN-R-0011,TRUE,phase1f_validation_v1,PARTIAL,FALSE,NO,NA_SKIP,NA_SKIP,NA_SKIP,NA_SKIP,NA_SKIP,UNCLEAR,INNOVATION,1,1,0,NOT_SCORABLE,2,0
SYN-R-0127,TRUE,phase1f_validation_v1,COMPLETE,TRUE,NO,NA_SKIP,NA_SKIP,NA_SKIP,NA_SKIP,NA_SKIP,UNCLEAR,COURSE,1,2,0,0,2,2
SYN-R-0056,TRUE,phase1f_validation_v1,PARTIAL,FALSE,YES,METHOD,YES,YES,YES,YES,STUDENT,COURSE,2,2,2,2,NOT_SCORABLE,0
SYN-R-0055,TRUE,phase1f_validation_v1,COMPLETE,TRUE,YES,QUESTION,NA_DK,NO,NA_APPL,NA_APPL,STUDENT_AFTER_AI_INPUT,SURVEY,2,0,2,1,1,1
SYN-R-0122,TRUE,phase1f_validation_v1,COMPLETE,TRUE,NO,NA_SKIP,NA_SKIP,NA_SKIP,NA_SKIP,NA_SKIP,STUDENT,SURVEY,1,1,0,0,2,1
SYN-R-0158,TRUE,phase1f_validation_v1,COMPLETE,TRUE,NO,NA_SKIP,NA_SKIP,NA_SKIP,NA_SKIP,NA_SKIP,UNCLEAR,COURSE,1,2,1,1,1,1
SYN-R-0223,TRUE,phase1f_validation_v1,COMPLETE,TRUE,YES,LIMITATION,YES,NA_DK,YES,YES,UNCLEAR,NONE,2,2,2,0,0,1
SYN-R-0116,TRUE,phase1f_validation_v1,COMPLETE,TRUE,NO,NA_SKIP,NA_SKIP,NA_SKIP,NA_SKIP,NA_SKIP,STUDENT,COURSE,2,1,1,1,0,2
SYN-R-0163,TRUE,phase1f_validation_v1,PARTIAL,FALSE,NO,NA_SKIP,NA_SKIP,NA_SKIP,NA_SKIP,NA_SKIP,STUDENT,MENTOR_PROJECT,NOT_SCORABLE,0,NOT_SCORABLE,NOT_SCORABLE,NOT_SCORABLE,NOT_SCORABLE
SYN-R-0031,TRUE,phase1f_validation_v1,COMPLETE,TRUE,YES,METHOD,NO,YES,NO,YES,STUDENT_AFTER_AI_INPUT,MENTOR_PROJECT,2,0,1,1,2,0
SYN-R-0210,TRUE,phase1f_validation_v1,COMPLETE,TRUE,NO,NA_SKIP,NA_SKIP,NA_SKIP,NA_SKIP,NA_SKIP,UNCLEAR,NONE,1,0,0,2,1,0
SYN-R-0201,TRUE,phase1f_validation_v1,COMPLETE,TRUE,NO,NA_SKIP,NA_SKIP,NA_SKIP,NA_SKIP,NA_SKIP,STUDENT,INNOVATION,2,1,1,1,2,2
SYN-R-0123,TRUE,phase1f_validation_v1,COMPLETE,TRUE,YES,WRITING,NO,NO,NO,NA_APPL,STUDENT_AFTER_AI_INPUT,MENTOR_PROJECT,0,1,1,1,1,1
SYN-R-0220,TRUE,phase1f_validation_v1,COMPLETE,TRUE,NO,NA_SKIP,NA_SKIP,NA_SKIP,NA_SKIP,NA_SKIP,UNCLEAR,INNOVATION,2,0,1,1,2,1
SYN-R-0054,TRUE,phase1f_validation_v1,COMPLETE,TRUE,YES,WRITING,YES,NA_DK,NA_APPL,NA_APPL,STUDENT_AFTER_AI_INPUT,INNOVATION,2,1,2,1,2,0
SYN-R-0076,TRUE,phase1f_validation_v1,COMPLETE,TRUE,NO,NA_SKIP,NA_SKIP,NA_SKIP,NA_SKIP,NA_SKIP,STUDENT,SURVEY,1,2,1,1,2,2
SYN-R-0064,TRUE,phase1f_validation_v1,COMPLETE,TRUE,NO,NA_SKIP,NA_SKIP,NA_SKIP,NA_SKIP,NA_SKIP,UNCLEAR,SURVEY,1,2,2,2,2,2
SYN-R-0070,TRUE,phase1f_validation_v1,COMPLETE,TRUE,NO,NA_SKIP,NA_SKIP,NA_SKIP,NA_SKIP,NA_SKIP,STUDENT,OTHER,1,0,2,1,1,2
SYN-R-0226,TRUE,phase1f_validation_v1,COMPLETE,TRUE,YES,LIMITATION,NA_DK,YES,NO,YES,STUDENT_AFTER_AI_INPUT,NONE,1,1,1,2,2,2
SYN-R-0185,TRUE,phase1f_validation_v1,COMPLETE,TRUE,YES,INFORMATION,NA_DK,NO,NA_APPL,NA_APPL,STUDENT_AFTER_AI_INPUT,COURSE,2,1,1,1,1,2
SYN-R-0126,TRUE,phase1f_validation_v1,COMPLETE,TRUE,YES,METHOD,NO,NA_DK,NO,YES,STUDENT_AFTER_AI_INPUT,COURSE,1,1,1,1,1,2
SYN-R-0225,TRUE,phase1f_validation_v1,PARTIAL,FALSE,NO,NA_SKIP,NA_SKIP,NA_SKIP,NA_SKIP,NA_SKIP,STUDENT,SURVEY,NOT_SCORABLE,NOT_SCORABLE,NOT_SCORABLE,2,2,NOT_SCORABLE
SYN-R-0046,TRUE,phase1f_validation_v1,PARTIAL,FALSE,NO,NA_SKIP,NA_SKIP,NA_SKIP,NA_SKIP,NA_SKIP,UNCLEAR,COURSE,NOT_SCORABLE,NOT_SCORABLE,NOT_SCORABLE,2,NOT_SCORABLE,NOT_SCORABLE
SYN-R-0165,TRUE,phase1f_validation_v1,PARTIAL,FALSE,YES,WRITING,YES,YES,NA_APPL,YES,STUDENT_AFTER_AI_INPUT,COURSE,1,1,2,1,NOT_SCORABLE,1
SYN-R-0153,TRUE,phase1f_validation_v1,COMPLETE,TRUE,NO,NA_SKIP,NA_SKIP,NA_SKIP,NA_SKIP,NA_SKIP,UNCLEAR,SURVEY,1,1,2,2,1,1
SYN-R-0233,TRUE,phase1f_validation_v1,COMPLETE,TRUE,YES,WRITING,NO,YES,NA_APPL,YES,STUDENT,COURSE,0,2,2,1,1,2
SYN-R-0129,TRUE,phase1f_validation_v1,ABORTED,FALSE,NO,NA_SKIP,NA_SKIP,NA_SKIP,NA_SKIP,NA_SKIP,STUDENT,INNOVATION,NOT_SCORABLE,NOT_SCORABLE,NOT_SCORABLE,NOT_SCORABLE,NOT_SCORABLE,NOT_SCORABLE
SYN-R-0021,TRUE,phase1f_validation_v1,COMPLETE,TRUE,NO,NA_SKIP,NA_SKIP,NA_SKIP,NA_SKIP,NA_SKIP,STUDENT,INNOVATION,0,2,1,0,2,2
SYN-R-0136,TRUE,phase1f_validation_v1,COMPLETE,TRUE,YES,WRITING,YES,NA_DK,NA_APPL,YES,STUDENT_AFTER_AI_INPUT,OTHER,1,1,1,2,1,1
SYN-R-0197,TRUE,phase1f_validation_v1,PARTIAL,FALSE,NO,NA_SKIP,NA_SKIP,NA_SKIP,NA_SKIP,NA_SKIP,UNCLEAR,COURSE,2,2,NOT_SCORABLE,NOT_SCORABLE,1,2
SYN-R-0181,TRUE,phase1f_validation_v1,PARTIAL,FALSE,YES,QUESTION,YES,NA_DK,NO,YES,STUDENT_AFTER_AI_INPUT,COURSE,NOT_SCORABLE,1,0,1,NOT_SCORABLE,0
SYN-R-0053,TRUE,phase1f_validation_v1,COMPLETE,TRUE,YES,LIMITATION,NA_DK,NO,NO,NO,STUDENT_AFTER_AI_INPUT,MENTOR_PROJECT,1,2,1,2,2,1
SYN-R-0051,TRUE,phase1f_validation_v1,COMPLETE,TRUE,NO,NA_SKIP,NA_SKIP,NA_SKIP,NA_SKIP,NA_SKIP,UNCLEAR,COURSE,1,0,2,1,2,1
SYN-R-0125,TRUE,phase1f_validation_v1,COMPLETE,TRUE,YES,METHOD,NA_DK,NA_DK,NA_APPL,NA_APPL,STUDENT_AFTER_AI_INPUT,NONE,1,2,1,1,1,0
SYN-R-0161,TRUE,phase1f_validation_v1,PARTIAL,FALSE,YES,QUESTION,NO,NA_DK,NA_APPL,NA_APPL,STUDENT,SURVEY,NOT_SCORABLE,NOT_SCORABLE,1,NOT_SCORABLE,NOT_SCORABLE,NOT_SCORABLE
SYN-R-0164,TRUE,phase1f_validation_v1,COMPLETE,TRUE,YES,WRITING,NA_DK,YES,NO,NO,STUDENT,SURVEY,1,1,2,1,1,1
SYN-R-0113,TRUE,phase1f_validation_v1,ABORTED,FALSE,NO,NA_SKIP,NA_SKIP,NA_SKIP,NA_SKIP,NA_SKIP,UNCLEAR,NONE,NOT_SCORABLE,NOT_SCORABLE,NOT_SCORABLE,NOT_SCORABLE,NOT_SCORABLE,NOT_SCORABLE
SYN-R-0047,TRUE,phase1f_validation_v1,COMPLETE,TRUE,YES,LIMITATION,NO,YES,NA_APPL,NO,STUDENT,INNOVATION,1,0,1,2,1,2
SYN-R-0174,TRUE,phase1f_validation_v1,COMPLETE,TRUE,YES,LIMITATION,NO,YES,YES,YES,STUDENT_AFTER_AI_INPUT,OTHER,1,2,2,0,2,1
SYN-R-0124,TRUE,phase1f_validation_v1,COMPLETE,TRUE,NO,NA_SKIP,NA_SKIP,NA_SKIP,NA_SKIP,NA_SKIP,UNCLEAR,SURVEY,0,2,2,1,1,2
SYN-R-0097,TRUE,phase1f_validation_v1,PARTIAL,FALSE,NO,NA_SKIP,NA_SKIP,NA_SKIP,NA_SKIP,NA_SKIP,STUDENT,INNOVATION,NOT_SCORABLE,1,1,1,NOT_SCORABLE,NOT_SCORABLE
SYN-R-0119,TRUE,phase1f_validation_v1,COMPLETE,TRUE,NO,NA_SKIP,NA_SKIP,NA_SKIP,NA_SKIP,NA_SKIP,STUDENT,COURSE,2,1,1,1,1,2
SYN-R-0144,TRUE,phase1f_validation_v1,ABORTED,FALSE,YES,QUESTION,YES,NA_DK,NO,YES,UNCLEAR,COURSE,NOT_SCORABLE,NOT_SCORABLE,NOT_SCORABLE,NOT_SCORABLE,NOT_SCORABLE,NOT_SCORABLE
SYN-R-0004,TRUE,phase1f_validation_v1,PARTIAL,FALSE,NO,NA_SKIP,NA_SKIP,NA_SKIP,NA_SKIP,NA_SKIP,STUDENT,SURVEY,2,1,1,NOT_SCORABLE,2,1
SYN-R-0084,TRUE,phase1f_validation_v1,PARTIAL,FALSE,NO,NA_SKIP,NA_SKIP,NA_SKIP,NA_SKIP,NA_SKIP,UNCLEAR,COURSE,2,NOT_SCORABLE,2,0,NOT_SCORABLE,1
