research_id,rater_id,dimension,score,rating_status,synthetic_version,synthetic_flag
SYN-R-0236,R1,problem_definition,0,RATED,phase1f_validation_v1,TRUE
SYN-R-0236,R2,problem_definition,0,RATED,phase1f_validation_v1,TRUE
SYN-R-0236,R1,information_evaluation,1,RATED,phase1f_validation_v1,TRUE
SYN-R-0236,R2,information_evaluation,0,RATED,phase1f_validation_v1,TRUE
SYN-R-0236,R1,method_fit,1,RATED,phase1f_validation_v1,TRUE
SYN-R-0236,R2,method_fit,1,RATED,phase1f_validation_v1,TRUE
SYN-R-0236,R1,limitation_boundary,1,RATED,phase1f_validation_v1,TRUE
SYN-R-0236,R2,limitation_boundary,2,RATED,phase1f_validation_v1,TRUE
SYN-R-0236,R1,independent_decision,2,RATED,phase1f_validation_v1,TRUE
SYN-R-0236,R2,independent_decision,1,RATED,phase1f_validation_v1,TRUE
SYN-R-0236,R1,reasoning_quality,1,RATED,phase1f_validation_v1,TRUE
SYN-R-0236,R2,reasoning_quality,1,RATED,phase1f_validation_v1,TRUE
SYN-R-0108,R1,problem_definition,1,RATED,phase1f_validation_v1,TRUE
SYN-R-0108,R2,problem_definition,1,RATED,phase1f_validation_v1,TRUE
SYN-R-0108,R1,information_evaluation,1,RATED,phase1f_validation_v1,TRUE
SYN-R-0108,R2,information_evaluation,0,RATED,phase1f_validation_v1,TRUE
SYN-R-0108,R1,method_fit,1,RATED,phase1f_validation_v1,TRUE
SYN-R-0108,R2,method_fit,1,RATED,phase1f_validation_v1,TRUE
SYN-R-0108,R1,limitation_boundary,1,RATED,phase1f_validation_v1,TRUE
SYN-R-0108,R2,limitation_boundary,1,RATED,phase1f_validation_v1,TRUE
SYN-R-0108,R1,independent_decision,0,RATED,phase1f_validation_v1,TRUE
SYN-R-0108,R2,independent_decision,0,RATED,phase1f_validation_v1,TRUE
SYN-R-0108,R1,reasoning_quality,0,RATED,phase1f_validation_v1,TRUE
SYN-R-0108,R2,reasoning_quality,0,RATED,phase1f_validation_v1,TRUE
SYN-R-0132,R1,problem_definition,2,RATED,phase1f_validation_v1,TRUE
SYN-R-0132,R2,problem_definition,2,RATED,phase1f_validation_v1,TRUE
SYN-R-0132,R1,information_evaluation,2,RATED,phase1f_validation_v1,TRUE
SYN-R-0132,R2,information_evaluation,2,RATED,phase1f_validation_v1,TRUE
SYN-R-0132,R1,method_fit,2,RATED,phase1f_validation_v1,TRUE
SYN-R-0132,R2,method_fit,2,RATED,phase1f_validation_v1,TRUE
SYN-R-0132,R1,limitation_boundary,1,RATED,phase1f_validation_v1,TRUE
SYN-R-0132,R2,limitation_boundary,1,RATED,phase1f_validation_v1,TRUE
SYN-R-0132,R1,independent_decision,1,RATED,phase1f_validation_v1,TRUE
SYN-R-0132,R2,independent_decision,1,RATED,phase1f_validation_v1,TRUE
SYN-R-0132,R1,reasoning_quality,2,RATED,phase1f_validation_v1,TRUE
SYN-R-0132,R2,reasoning_quality,2,RATED,phase1f_validation_v1,TRUE
SYN-R-0088,R1,problem_definition,0,RATED,phase1f_validation_v1,TRUE
SYN-R-0088,R2,problem_definition,0,RATED,phase1f_validation_v1,TRUE
SYN-R-0088,R1,information_evaluation,0,RATED,phase1f_validation_v1,TRUE
SYN-R-0088,R2,information_evaluation,0,RATED,phase1f_validation_v1,TRUE
SYN-R-0088,R1,method_fit,2,RATED,phase1f_validation_v1,TRUE
SYN-R-0088,R2,method_fit,2,RATED,phase1f_validation_v1,TRUE
SYN-R-0088,R1,limitation_boundary,1,RATED,phase1f_validation_v1,TRUE
SYN-R-0088,R2,limitation_boundary,1,RATED,phase1f_validation_v1,TRUE
SYN-R-0088,R1,independent_decision,0,RATED,phase1f_validation_v1,TRUE
SYN-R-0088,R2,independent_decision,0,RATED,phase1f_validation_v1,TRUE
SYN-R-0088,R1,reasoning_quality,1,RATED,phase1f_validation_v1,TRUE
SYN-R-0088,R2,reasoning_quality,1,RATED,phase1f_validation_v1,TRUE
SYN-R-0169,R1,problem_definition,1,RATED,phase1f_validation_v1,TRUE
SYN-R-0169,R2,problem_definition,0,RATED,phase1f_validation_v1,TRUE
SYN-R-0169,R1,information_evaluation,1,RATED,phase1f_validation_v1,TRUE
SYN-R-0169,R2,information_evaluation,0,RATED,phase1f_validation_v1,TRUE
SYN-R-0169,R1,method_fit,1,RATED,phase1f_validation_v1,TRUE
SYN-R-0169,R2,method_fit,1,RATED,phase1f_validation_v1,TRUE
SYN-R-0169,R1,limitation_boundary,2,RATED,phase1f_validation_v1,TRUE
SYN-R-0169,R2,limitation_boundary,2,RATED,phase1f_validation_v1,TRUE
SYN-R-0169,R1,independent_decision,0,RATED,phase1f_validation_v1,TRUE
SYN-R-0169,R2,independent_decision,1,RATED,phase1f_validation_v1,TRUE
SYN-R-0169,R1,reasoning_quality,0,RATED,phase1f_validation_v1,TRUE
SYN-R-0169,R2,reasoning_quality,0,RATED,phase1f_validation_v1,TRUE
SYN-R-0192,R1,problem_definition,2,RATED,phase1f_validation_v1,TRUE
SYN-R-0192,R2,problem_definition,2,RATED,phase1f_validation_v1,TRUE
SYN-R-0192,R1,information_evaluation,0,RATED,phase1f_validation_v1,TRUE
SYN-R-0192,R2,information_evaluation,0,RATED,phase1f_validation_v1,TRUE
SYN-R-0192,R1,method_fit,2,RATED,phase1f_validation_v1,TRUE
SYN-R-0192,R2,method_fit,2,RATED,phase1f_validation_v1,TRUE
SYN-R-0192,R1,limitation_boundary,2,RATED,phase1f_validation_v1,TRUE
SYN-R-0192,R2,limitation_boundary,1,RATED,phase1f_validation_v1,TRUE
SYN-R-0192,R1,independent_decision,1,RATED,phase1f_validation_v1,TRUE
SYN-R-0192,R2,independent_decision,1,RATED,phase1f_validation_v1,TRUE
SYN-R-0192,R1,reasoning_quality,2,RATED,phase1f_validation_v1,TRUE
SYN-R-0192,R2,reasoning_quality,2,RATED,phase1f_validation_v1,TRUE
SYN-R-0230,R1,limitation_boundary,1,RATED,phase1f_validation_v1,TRUE
SYN-R-0230,R2,limitation_boundary,1,RATED,phase1f_validation_v1,TRUE
SYN-R-0230,R1,independent_decision,2,RATED,phase1f_validation_v1,TRUE
SYN-R-0230,R2,independent_decision,2,RATED,phase1f_validation_v1,TRUE
SYN-R-0230,R1,reasoning_quality,1,RATED,phase1f_validation_v1,TRUE
SYN-R-0230,R2,reasoning_quality,1,RATED,phase1f_validation_v1,TRUE
SYN-R-0017,R1,information_evaluation,1,RATED,phase1f_validation_v1,TRUE
SYN-R-0017,R2,information_evaluation,1,RATED,phase1f_validation_v1,TRUE
SYN-R-0017,R1,method_fit,2,RATED,phase1f_validation_v1,TRUE
SYN-R-0017,R2,method_fit,2,RATED,phase1f_validation_v1,TRUE
SYN-R-0017,R1,limitation_boundary,1,RATED,phase1f_validation_v1,TRUE
SYN-R-0017,R2,limitation_boundary,1,RATED,phase1f_validation_v1,TRUE
SYN-R-0017,R1,reasoning_quality,2,RATED,phase1f_validation_v1,TRUE
SYN-R-0017,R2,reasoning_quality,2,RATED,phase1f_validation_v1,TRUE
SYN-R-0110,R1,problem_definition,1,RATED,phase1f_validation_v1,TRUE
SYN-R-0110,R2,problem_definition,1,RATED,phase1f_validation_v1,TRUE
SYN-R-0110,R1,information_evaluation,1,RATED,phase1f_validation_v1,TRUE
SYN-R-0110,R2,information_evaluation,1,RATED,phase1f_validation_v1,TRUE
SYN-R-0110,R1,method_fit,1,RATED,phase1f_validation_v1,TRUE
SYN-R-0110,R2,method_fit,1,RATED,phase1f_validation_v1,TRUE
SYN-R-0110,R1,limitation_boundary,2,RATED,phase1f_validation_v1,TRUE
SYN-R-0110,R2,limitation_boundary,2,RATED,phase1f_validation_v1,TRUE
SYN-R-0110,R1,independent_decision,2,RATED,phase1f_validation_v1,TRUE
SYN-R-0110,R2,independent_decision,2,RATED,phase1f_validation_v1,TRUE
SYN-R-0110,R1,reasoning_quality,2,RATED,phase1f_validation_v1,TRUE
SYN-R-0110,R2,reasoning_quality,2,RATED,phase1f_validation_v1,TRUE
SYN-R-0146,R1,problem_definition,1,RATED,phase1f_validation_v1,TRUE
SYN-R-0146,R2,problem_definition,1,RATED,phase1f_validation_v1,TRUE
SYN-R-0146,R1,information_evaluation,1,RATED,phase1f_validation_v1,TRUE
SYN-R-0146,R2,information_evaluation,1,RATED,phase1f_validation_v1,TRUE
SYN-R-0146,R1,method_fit,2,RATED,phase1f_validation_v1,TRUE
SYN-R-0146,R2,method_fit,1,RATED,phase1f_validation_v1,TRUE
SYN-R-0146,R1,limitation_boundary,1,RATED,phase1f_validation_v1,TRUE
SYN-R-0146,R2,limitation_boundary,1,RATED,phase1f_validation_v1,TRUE
SYN-R-0146,R1,independent_decision,1,RATED,phase1f_validation_v1,TRUE
SYN-R-0146,R2,independent_decision,1,RATED,phase1f_validation_v1,TRUE
SYN-R-0146,R1,reasoning_quality,1,RATED,phase1f_validation_v1,TRUE
SYN-R-0146,R2,reasoning_quality,1,RATED,phase1f_validation_v1,TRUE
SYN-R-0202,R1,problem_definition,0,RATED,phase1f_validation_v1,TRUE
SYN-R-0202,R2,problem_definition,0,RATED,phase1f_validation_v1,TRUE
SYN-R-0208,R1,problem_definition,1,RATED,phase1f_validation_v1,TRUE
SYN-R-0208,R2,problem_definition,0,RATED,phase1f_validation_v1,TRUE
SYN-R-0208,R1,information_evaluation,1,RATED,phase1f_validation_v1,TRUE
SYN-R-0208,R2,information_evaluation,1,RATED,phase1f_validation_v1,TRUE
SYN-R-0208,R1,method_fit,1,RATED,phase1f_validation_v1,TRUE
SYN-R-0208,R2,method_fit,2,RATED,phase1f_validation_v1,TRUE
SYN-R-0208,R1,limitation_boundary,0,RATED,phase1f_validation_v1,TRUE
SYN-R-0208,R2,limitation_boundary,0,RATED,phase1f_validation_v1,TRUE
SYN-R-0208,R1,independent_decision,1,RATED,phase1f_validation_v1,TRUE
SYN-R-0208,R2,independent_decision,1,RATED,phase1f_validation_v1,TRUE
SYN-R-0208,R1,reasoning_quality,1,RATED,phase1f_validation_v1,TRUE
SYN-R-0208,R2,reasoning_quality,0,RATED,phase1f_validation_v1,TRUE
SYN-R-0179,R1,information_evaluation,1,RATED,phase1f_validation_v1,TRUE
SYN-R-0179,R2,information_evaluation,0,RATED,phase1f_validation_v1,TRUE
SYN-R-0179,R1,method_fit,1,RATED,phase1f_validation_v1,TRUE
SYN-R-0179,R2,method_fit,1,RATED,phase1f_validation_v1,TRUE
SYN-R-0179,R1,limitation_boundary,1,RATED,phase1f_validation_v1,TRUE
SYN-R-0179,R2,limitation_boundary,1,RATED,phase1f_validation_v1,TRUE
SYN-R-0028,R1,problem_definition,2,RATED,phase1f_validation_v1,TRUE
SYN-R-0028,R2,problem_definition,2,RATED,phase1f_validation_v1,TRUE
SYN-R-0028,R1,information_evaluation,1,RATED,phase1f_validation_v1,TRUE
SYN-R-0028,R2,information_evaluation,1,RATED,phase1f_validation_v1,TRUE
SYN-R-0028,R1,method_fit,1,RATED,phase1f_validation_v1,TRUE
SYN-R-0028,R2,method_fit,1,RATED,phase1f_validation_v1,TRUE
SYN-R-0028,R1,limitation_boundary,1,RATED,phase1f_validation_v1,TRUE
SYN-R-0028,R2,limitation_boundary,1,RATED,phase1f_validation_v1,TRUE
SYN-R-0028,R1,independent_decision,0,RATED,phase1f_validation_v1,TRUE
SYN-R-0028,R2,independent_decision,0,RATED,phase1f_validation_v1,TRUE
SYN-R-0028,R1,reasoning_quality,1,RATED,phase1f_validation_v1,TRUE
SYN-R-0028,R2,reasoning_quality,1,RATED,phase1f_validation_v1,TRUE
SYN-R-0218,R1,problem_definition,0,RATED,phase1f_validation_v1,TRUE
SYN-R-0218,R2,problem_definition,0,RATED,phase1f_validation_v1,TRUE
SYN-R-0218,R1,information_evaluation,0,RATED,phase1f_validation_v1,TRUE
SYN-R-0218,R2,information_evaluation,1,RATED,phase1f_validation_v1,TRUE
SYN-R-0218,R1,method_fit,1,RATED,phase1f_validation_v1,TRUE
SYN-R-0218,R2,method_fit,1,RATED,phase1f_validation_v1,TRUE
SYN-R-0218,R1,limitation_boundary,2,RATED,phase1f_validation_v1,TRUE
SYN-R-0218,R2,limitation_boundary,2,RATED,phase1f_validation_v1,TRUE
SYN-R-0218,R1,independent_decision,1,RATED,phase1f_validation_v1,TRUE
SYN-R-0218,R2,independent_decision,1,RATED,phase1f_validation_v1,TRUE
SYN-R-0218,R1,reasoning_quality,0,RATED,phase1f_validation_v1,TRUE
SYN-R-0218,R2,reasoning_quality,0,RATED,phase1f_validation_v1,TRUE
SYN-R-0180,R1,problem_definition,0,RATED,phase1f_validation_v1,TRUE
SYN-R-0180,R2,problem_definition,0,RATED,phase1f_validation_v1,TRUE
SYN-R-0180,R1,information_evaluation,2,RATED,phase1f_validation_v1,TRUE
SYN-R-0180,R2,information_evaluation,2,RATED,phase1f_validation_v1,TRUE
SYN-R-0180,R1,method_fit,1,RATED,phase1f_validation_v1,TRUE
SYN-R-0180,R2,method_fit,0,RATED,phase1f_validation_v1,TRUE
SYN-R-0180,R1,limitation_boundary,2,RATED,phase1f_validation_v1,TRUE
SYN-R-0180,R2,limitation_boundary,2,RATED,phase1f_validation_v1,TRUE
SYN-R-0180,R1,independent_decision,1,RATED,phase1f_validation_v1,TRUE
SYN-R-0180,R2,independent_decision,1,RATED,phase1f_validation_v1,TRUE
SYN-R-0180,R1,reasoning_quality,2,RATED,phase1f_validation_v1,TRUE
SYN-R-0180,R2,reasoning_quality,2,RATED,phase1f_validation_v1,TRUE
SYN-R-0211,R1,problem_definition,1,RATED,phase1f_validation_v1,TRUE
SYN-R-0211,R2,problem_definition,1,RATED,phase1f_validation_v1,TRUE
SYN-R-0211,R1,information_evaluation,0,RATED,phase1f_validation_v1,TRUE
SYN-R-0211,R2,information_evaluation,1,RATED,phase1f_validation_v1,TRUE
SYN-R-0211,R1,method_fit,2,RATED,phase1f_validation_v1,TRUE
SYN-R-0211,R2,method_fit,2,RATED,phase1f_validation_v1,TRUE
SYN-R-0211,R1,limitation_boundary,1,RATED,phase1f_validation_v1,TRUE
SYN-R-0211,R2,limitation_boundary,1,RATED,phase1f_validation_v1,TRUE
SYN-R-0211,R1,independent_decision,2,RATED,phase1f_validation_v1,TRUE
SYN-R-0211,R2,independent_decision,2,RATED,phase1f_validation_v1,TRUE
SYN-R-0211,R1,reasoning_quality,2,RATED,phase1f_validation_v1,TRUE
SYN-R-0211,R2,reasoning_quality,2,RATED,phase1f_validation_v1,TRUE
SYN-R-0109,R1,problem_definition,1,RATED,phase1f_validation_v1,TRUE
SYN-R-0109,R2,problem_definition,1,RATED,phase1f_validation_v1,TRUE
SYN-R-0109,R1,information_evaluation,1,RATED,phase1f_validation_v1,TRUE
SYN-R-0109,R2,information_evaluation,1,RATED,phase1f_validation_v1,TRUE
SYN-R-0109,R1,method_fit,0,RATED,phase1f_validation_v1,TRUE
SYN-R-0109,R2,method_fit,0,RATED,phase1f_validation_v1,TRUE
SYN-R-0109,R1,limitation_boundary,1,RATED,phase1f_validation_v1,TRUE
SYN-R-0109,R2,limitation_boundary,0,RATED,phase1f_validation_v1,TRUE
SYN-R-0109,R1,independent_decision,1,RATED,phase1f_validation_v1,TRUE
SYN-R-0109,R2,independent_decision,2,RATED,phase1f_validation_v1,TRUE
SYN-R-0109,R1,reasoning_quality,2,RATED,phase1f_validation_v1,TRUE
SYN-R-0109,R2,reasoning_quality,2,RATED,phase1f_validation_v1,TRUE
SYN-R-0134,R1,problem_definition,1,RATED,phase1f_validation_v1,TRUE
SYN-R-0134,R2,problem_definition,1,RATED,phase1f_validation_v1,TRUE
SYN-R-0134,R1,information_evaluation,2,RATED,phase1f_validation_v1,TRUE
SYN-R-0134,R2,information_evaluation,2,RATED,phase1f_validation_v1,TRUE
SYN-R-0134,R1,method_fit,0,RATED,phase1f_validation_v1,TRUE
SYN-R-0134,R2,method_fit,0,RATED,phase1f_validation_v1,TRUE
SYN-R-0134,R1,limitation_boundary,2,RATED,phase1f_validation_v1,TRUE
SYN-R-0134,R2,limitation_boundary,2,RATED,phase1f_validation_v1,TRUE
SYN-R-0134,R1,independent_decision,1,RATED,phase1f_validation_v1,TRUE
SYN-R-0134,R2,independent_decision,0,RATED,phase1f_validation_v1,TRUE
SYN-R-0134,R1,reasoning_quality,1,RATED,phase1f_validation_v1,TRUE
SYN-R-0134,R2,reasoning_quality,1,RATED,phase1f_validation_v1,TRUE
SYN-R-0042,R1,problem_definition,2,RATED,phase1f_validation_v1,TRUE
SYN-R-0042,R2,problem_definition,2,RATED,phase1f_validation_v1,TRUE
SYN-R-0042,R1,information_evaluation,2,RATED,phase1f_validation_v1,TRUE
SYN-R-0042,R2,information_evaluation,2,RATED,phase1f_validation_v1,TRUE
SYN-R-0042,R1,method_fit,1,RATED,phase1f_validation_v1,TRUE
SYN-R-0042,R2,method_fit,1,RATED,phase1f_validation_v1,TRUE
SYN-R-0042,R1,limitation_boundary,1,RATED,phase1f_validation_v1,TRUE
SYN-R-0042,R2,limitation_boundary,1,RATED,phase1f_validation_v1,TRUE
SYN-R-0042,R1,independent_decision,1,RATED,phase1f_validation_v1,TRUE
SYN-R-0042,R2,independent_decision,1,RATED,phase1f_validation_v1,TRUE
SYN-R-0042,R1,reasoning_quality,1,RATED,phase1f_validation_v1,TRUE
SYN-R-0042,R2,reasoning_quality,2,RATED,phase1f_validation_v1,TRUE
SYN-R-0033,R1,problem_definition,1,RATED,phase1f_validation_v1,TRUE
SYN-R-0033,R2,problem_definition,2,RATED,phase1f_validation_v1,TRUE
SYN-R-0033,R1,information_evaluation,2,RATED,phase1f_validation_v1,TRUE
SYN-R-0033,R2,information_evaluation,1,RATED,phase1f_validation_v1,TRUE
SYN-R-0033,R1,method_fit,1,RATED,phase1f_validation_v1,TRUE
SYN-R-0033,R2,method_fit,1,RATED,phase1f_validation_v1,TRUE
SYN-R-0033,R1,limitation_boundary,0,RATED,phase1f_validation_v1,TRUE
SYN-R-0033,R2,limitation_boundary,0,RATED,phase1f_validation_v1,TRUE
SYN-R-0033,R1,independent_decision,1,RATED,phase1f_validation_v1,TRUE
SYN-R-0033,R2,independent_decision,1,RATED,phase1f_validation_v1,TRUE
SYN-R-0033,R1,reasoning_quality,0,RATED,phase1f_validation_v1,TRUE
SYN-R-0033,R2,reasoning_quality,0,RATED,phase1f_validation_v1,TRUE
SYN-R-0032,R1,problem_definition,2,RATED,phase1f_validation_v1,TRUE
SYN-R-0032,R2,problem_definition,2,RATED,phase1f_validation_v1,TRUE
SYN-R-0032,R1,information_evaluation,2,RATED,phase1f_validation_v1,TRUE
SYN-R-0032,R2,information_evaluation,2,RATED,phase1f_validation_v1,TRUE
SYN-R-0032,R1,method_fit,1,RATED,phase1f_validation_v1,TRUE
SYN-R-0032,R2,method_fit,1,RATED,phase1f_validation_v1,TRUE
SYN-R-0032,R1,limitation_boundary,1,RATED,phase1f_validation_v1,TRUE
SYN-R-0032,R2,limitation_boundary,1,RATED,phase1f_validation_v1,TRUE
SYN-R-0032,R1,independent_decision,1,RATED,phase1f_validation_v1,TRUE
SYN-R-0032,R2,independent_decision,2,RATED,phase1f_validation_v1,TRUE
SYN-R-0032,R1,reasoning_quality,1,RATED,phase1f_validation_v1,TRUE
SYN-R-0032,R2,reasoning_quality,0,RATED,phase1f_validation_v1,TRUE
SYN-R-0167,R1,problem_definition,1,RATED,phase1f_validation_v1,TRUE
SYN-R-0167,R2,problem_definition,1,RATED,phase1f_validation_v1,TRUE
SYN-R-0167,R1,information_evaluation,2,RATED,phase1f_validation_v1,TRUE
SYN-R-0167,R2,information_evaluation,2,RATED,phase1f_validation_v1,TRUE
SYN-R-0167,R1,method_fit,0,RATED,phase1f_validation_v1,TRUE
SYN-R-0167,R2,method_fit,0,RATED,phase1f_validation_v1,TRUE
SYN-R-0167,R1,limitation_boundary,1,RATED,phase1f_validation_v1,TRUE
SYN-R-0167,R2,limitation_boundary,1,RATED,phase1f_validation_v1,TRUE
SYN-R-0167,R1,independent_decision,1,RATED,phase1f_validation_v1,TRUE
SYN-R-0167,R2,independent_decision,1,RATED,phase1f_validation_v1,TRUE
SYN-R-0167,R1,reasoning_quality,1,RATED,phase1f_validation_v1,TRUE
SYN-R-0167,R2,reasoning_quality,1,RATED,phase1f_validation_v1,TRUE
SYN-R-0048,R1,independent_decision,0,RATED,phase1f_validation_v1,TRUE
SYN-R-0048,R2,independent_decision,0,RATED,phase1f_validation_v1,TRUE
SYN-R-0080,R1,problem_definition,1,RATED,phase1f_validation_v1,TRUE
SYN-R-0080,R2,problem_definition,1,RATED,phase1f_validation_v1,TRUE
SYN-R-0080,R1,information_evaluation,0,RATED,phase1f_validation_v1,TRUE
SYN-R-0080,R2,information_evaluation,0,RATED,phase1f_validation_v1,TRUE
SYN-R-0080,R1,method_fit,1,RATED,phase1f_validation_v1,TRUE
SYN-R-0080,R2,method_fit,2,RATED,phase1f_validation_v1,TRUE
SYN-R-0080,R1,limitation_boundary,2,RATED,phase1f_validation_v1,TRUE
SYN-R-0080,R2,limitation_boundary,1,RATED,phase1f_validation_v1,TRUE
SYN-R-0080,R1,independent_decision,0,RATED,phase1f_validation_v1,TRUE
SYN-R-0080,R2,independent_decision,0,RATED,phase1f_validation_v1,TRUE
SYN-R-0080,R1,reasoning_quality,0,RATED,phase1f_validation_v1,TRUE
SYN-R-0080,R2,reasoning_quality,0,RATED,phase1f_validation_v1,TRUE
SYN-R-0140,R1,problem_definition,2,RATED,phase1f_validation_v1,TRUE
SYN-R-0140,R2,problem_definition,2,RATED,phase1f_validation_v1,TRUE
SYN-R-0140,R1,information_evaluation,0,RATED,phase1f_validation_v1,TRUE
SYN-R-0140,R2,information_evaluation,0,RATED,phase1f_validation_v1,TRUE
SYN-R-0140,R1,method_fit,1,RATED,phase1f_validation_v1,TRUE
SYN-R-0140,R2,method_fit,0,RATED,phase1f_validation_v1,TRUE
SYN-R-0140,R1,limitation_boundary,1,RATED,phase1f_validation_v1,TRUE
SYN-R-0140,R2,limitation_boundary,1,RATED,phase1f_validation_v1,TRUE
SYN-R-0140,R1,independent_decision,0,RATED,phase1f_validation_v1,TRUE
SYN-R-0140,R2,independent_decision,0,RATED,phase1f_validation_v1,TRUE
SYN-R-0140,R1,reasoning_quality,1,RATED,phase1f_validation_v1,TRUE
SYN-R-0140,R2,reasoning_quality,0,RATED,phase1f_validation_v1,TRUE
SYN-R-0025,R1,problem_definition,1,RATED,phase1f_validation_v1,TRUE
SYN-R-0025,R2,problem_definition,1,RATED,phase1f_validation_v1,TRUE
SYN-R-0025,R1,information_evaluation,1,RATED,phase1f_validation_v1,TRUE
SYN-R-0025,R2,information_evaluation,1,RATED,phase1f_validation_v1,TRUE
SYN-R-0025,R1,method_fit,2,RATED,phase1f_validation_v1,TRUE
SYN-R-0025,R2,method_fit,2,RATED,phase1f_validation_v1,TRUE
SYN-R-0025,R1,limitation_boundary,1,RATED,phase1f_validation_v1,TRUE
SYN-R-0025,R2,limitation_boundary,1,RATED,phase1f_validation_v1,TRUE
SYN-R-0025,R1,independent_decision,1,RATED,phase1f_validation_v1,TRUE
SYN-R-0025,R2,independent_decision,1,RATED,phase1f_validation_v1,TRUE
SYN-R-0025,R1,reasoning_quality,1,RATED,phase1f_validation_v1,TRUE
SYN-R-0025,R2,reasoning_quality,1,RATED,phase1f_validation_v1,TRUE
SYN-R-0231,R1,method_fit,0,RATED,phase1f_validation_v1,TRUE
SYN-R-0231,R2,method_fit,0,RATED,phase1f_validation_v1,TRUE
SYN-R-0231,R1,independent_decision,1,RATED,phase1f_validation_v1,TRUE
SYN-R-0231,R2,independent_decision,2,RATED,phase1f_validation_v1,TRUE
SYN-R-0095,R1,problem_definition,1,RATED,phase1f_validation_v1,TRUE
SYN-R-0095,R2,problem_definition,1,RATED,phase1f_validation_v1,TRUE
SYN-R-0095,R1,information_evaluation,0,RATED,phase1f_validation_v1,TRUE
SYN-R-0095,R2,information_evaluation,0,RATED,phase1f_validation_v1,TRUE
SYN-R-0095,R1,method_fit,1,RATED,phase1f_validation_v1,TRUE
SYN-R-0095,R2,method_fit,1,RATED,phase1f_validation_v1,TRUE
SYN-R-0095,R1,limitation_boundary,1,RATED,phase1f_validation_v1,TRUE
SYN-R-0095,R2,limitation_boundary,1,RATED,phase1f_validation_v1,TRUE
SYN-R-0095,R1,independent_decision,2,RATED,phase1f_validation_v1,TRUE
SYN-R-0095,R2,independent_decision,1,RATED,phase1f_validation_v1,TRUE
SYN-R-0095,R1,reasoning_quality,1,RATED,phase1f_validation_v1,TRUE
SYN-R-0095,R2,reasoning_quality,2,RATED,phase1f_validation_v1,TRUE
SYN-R-0063,R1,problem_definition,2,RATED,phase1f_validation_v1,TRUE
SYN-R-0063,R2,problem_definition,1,RATED,phase1f_validation_v1,TRUE
SYN-R-0063,R1,information_evaluation,1,RATED,phase1f_validation_v1,TRUE
SYN-R-0063,R2,information_evaluation,1,RATED,phase1f_validation_v1,TRUE
SYN-R-0063,R1,method_fit,1,RATED,phase1f_validation_v1,TRUE
SYN-R-0063,R2,method_fit,0,RATED,phase1f_validation_v1,TRUE
SYN-R-0063,R1,limitation_boundary,2,RATED,phase1f_validation_v1,TRUE
SYN-R-0063,R2,limitation_boundary,1,RATED,phase1f_validation_v1,TRUE
SYN-R-0063,R1,independent_decision,1,RATED,phase1f_validation_v1,TRUE
SYN-R-0063,R2,independent_decision,1,RATED,phase1f_validation_v1,TRUE
SYN-R-0063,R1,reasoning_quality,1,RATED,phase1f_validation_v1,TRUE
SYN-R-0063,R2,reasoning_quality,1,RATED,phase1f_validation_v1,TRUE
SYN-R-0170,R1,problem_definition,1,RATED,phase1f_validation_v1,TRUE
SYN-R-0170,R2,problem_definition,1,RATED,phase1f_validation_v1,TRUE
SYN-R-0170,R1,information_evaluation,2,RATED,phase1f_validation_v1,TRUE
SYN-R-0170,R2,information_evaluation,1,RATED,phase1f_validation_v1,TRUE
SYN-R-0170,R1,method_fit,2,RATED,phase1f_validation_v1,TRUE
SYN-R-0170,R2,method_fit,1,RATED,phase1f_validation_v1,TRUE
SYN-R-0170,R1,limitation_boundary,1,RATED,phase1f_validation_v1,TRUE
SYN-R-0170,R2,limitation_boundary,1,RATED,phase1f_validation_v1,TRUE
SYN-R-0170,R1,independent_decision,1,RATED,phase1f_validation_v1,TRUE
SYN-R-0170,R2,independent_decision,0,RATED,phase1f_validation_v1,TRUE
SYN-R-0170,R1,reasoning_quality,0,RATED,phase1f_validation_v1,TRUE
SYN-R-0170,R2,reasoning_quality,0,RATED,phase1f_validation_v1,TRUE
SYN-R-0193,R1,problem_definition,1,RATED,phase1f_validation_v1,TRUE
SYN-R-0193,R2,problem_definition,0,RATED,phase1f_validation_v1,TRUE
SYN-R-0193,R1,information_evaluation,0,RATED,phase1f_validation_v1,TRUE
SYN-R-0193,R2,information_evaluation,0,RATED,phase1f_validation_v1,TRUE
SYN-R-0193,R1,method_fit,1,RATED,phase1f_validation_v1,TRUE
SYN-R-0193,R2,method_fit,2,RATED,phase1f_validation_v1,TRUE
SYN-R-0193,R1,limitation_boundary,1,RATED,phase1f_validation_v1,TRUE
SYN-R-0193,R2,limitation_boundary,0,RATED,phase1f_validation_v1,TRUE
SYN-R-0193,R1,independent_decision,1,RATED,phase1f_validation_v1,TRUE
SYN-R-0193,R2,independent_decision,1,RATED,phase1f_validation_v1,TRUE
SYN-R-0193,R1,reasoning_quality,1,RATED,phase1f_validation_v1,TRUE
SYN-R-0193,R2,reasoning_quality,2,RATED,phase1f_validation_v1,TRUE
SYN-R-0011,R1,problem_definition,1,RATED,phase1f_validation_v1,TRUE
SYN-R-0011,R2,problem_definition,0,RATED,phase1f_validation_v1,TRUE
SYN-R-0011,R1,information_evaluation,1,RATED,phase1f_validation_v1,TRUE
SYN-R-0011,R2,information_evaluation,2,RATED,phase1f_validation_v1,TRUE
SYN-R-0011,R1,method_fit,0,RATED,phase1f_validation_v1,TRUE
SYN-R-0011,R2,method_fit,0,RATED,phase1f_validation_v1,TRUE
SYN-R-0011,R1,independent_decision,2,RATED,phase1f_validation_v1,TRUE
SYN-R-0011,R2,independent_decision,2,RATED,phase1f_validation_v1,TRUE
SYN-R-0011,R1,reasoning_quality,0,RATED,phase1f_validation_v1,TRUE
SYN-R-0011,R2,reasoning_quality,0,RATED,phase1f_validation_v1,TRUE
SYN-R-0127,R1,problem_definition,1,RATED,phase1f_validation_v1,TRUE
SYN-R-0127,R2,problem_definition,1,RATED,phase1f_validation_v1,TRUE
SYN-R-0127,R1,information_evaluation,2,RATED,phase1f_validation_v1,TRUE
SYN-R-0127,R2,information_evaluation,2,RATED,phase1f_validation_v1,TRUE
SYN-R-0127,R1,method_fit,0,RATED,phase1f_validation_v1,TRUE
SYN-R-0127,R2,method_fit,0,RATED,phase1f_validation_v1,TRUE
SYN-R-0127,R1,limitation_boundary,0,RATED,phase1f_validation_v1,TRUE
SYN-R-0127,R2,limitation_boundary,0,RATED,phase1f_validation_v1,TRUE
SYN-R-0127,R1,independent_decision,2,RATED,phase1f_validation_v1,TRUE
SYN-R-0127,R2,independent_decision,2,RATED,phase1f_validation_v1,TRUE
SYN-R-0127,R1,reasoning_quality,2,RATED,phase1f_validation_v1,TRUE
SYN-R-0127,R2,reasoning_quality,2,RATED,phase1f_validation_v1,TRUE
SYN-R-0056,R1,problem_definition,2,RATED,phase1f_validation_v1,TRUE
SYN-R-0056,R2,problem_definition,2,RATED,phase1f_validation_v1,TRUE
SYN-R-0056,R1,information_evaluation,2,RATED,phase1f_validation_v1,TRUE
SYN-R-0056,R2,information_evaluation,2,RATED,phase1f_validation_v1,TRUE
SYN-R-0056,R1,method_fit,2,RATED,phase1f_validation_v1,TRUE
SYN-R-0056,R2,method_fit,2,RATED,phase1f_validation_v1,TRUE
SYN-R-0056,R1,limitation_boundary,2,RATED,phase1f_validation_v1,TRUE
SYN-R-0056,R2,limitation_boundary,2,RATED,phase1f_validation_v1,TRUE
SYN-R-0056,R1,reasoning_quality,0,RATED,phase1f_validation_v1,TRUE
SYN-R-0056,R2,reasoning_quality,0,RATED,phase1f_validation_v1,TRUE
SYN-R-0055,R1,problem_definition,2,RATED,phase1f_validation_v1,TRUE
SYN-R-0055,R2,problem_definition,2,RATED,phase1f_validation_v1,TRUE
SYN-R-0055,R1,information_evaluation,0,RATED,phase1f_validation_v1,TRUE
SYN-R-0055,R2,information_evaluation,0,RATED,phase1f_validation_v1,TRUE
SYN-R-0055,R1,method_fit,2,RATED,phase1f_validation_v1,TRUE
SYN-R-0055,R2,method_fit,2,RATED,phase1f_validation_v1,TRUE
SYN-R-0055,R1,limitation_boundary,1,RATED,phase1f_validation_v1,TRUE
SYN-R-0055,R2,limitation_boundary,1,RATED,phase1f_validation_v1,TRUE
SYN-R-0055,R1,independent_decision,1,RATED,phase1f_validation_v1,TRUE
SYN-R-0055,R2,independent_decision,1,RATED,phase1f_validation_v1,TRUE
SYN-R-0055,R1,reasoning_quality,1,RATED,phase1f_validation_v1,TRUE
SYN-R-0055,R2,reasoning_quality,1,RATED,phase1f_validation_v1,TRUE
SYN-R-0122,R1,problem_definition,1,RATED,phase1f_validation_v1,TRUE
SYN-R-0122,R2,problem_definition,1,RATED,phase1f_validation_v1,TRUE
SYN-R-0122,R1,information_evaluation,1,RATED,phase1f_validation_v1,TRUE
SYN-R-0122,R2,information_evaluation,0,RATED,phase1f_validation_v1,TRUE
SYN-R-0122,R1,method_fit,0,RATED,phase1f_validation_v1,TRUE
SYN-R-0122,R2,method_fit,0,RATED,phase1f_validation_v1,TRUE
SYN-R-0122,R1,limitation_boundary,0,RATED,phase1f_validation_v1,TRUE
SYN-R-0122,R2,limitation_boundary,0,RATED,phase1f_validation_v1,TRUE
SYN-R-0122,R1,independent_decision,2,RATED,phase1f_validation_v1,TRUE
SYN-R-0122,R2,independent_decision,2,RATED,phase1f_validation_v1,TRUE
SYN-R-0122,R1,reasoning_quality,1,RATED,phase1f_validation_v1,TRUE
SYN-R-0122,R2,reasoning_quality,1,RATED,phase1f_validation_v1,TRUE
SYN-R-0158,R1,problem_definition,1,RATED,phase1f_validation_v1,TRUE
SYN-R-0158,R2,problem_definition,1,RATED,phase1f_validation_v1,TRUE
SYN-R-0158,R1,information_evaluation,2,RATED,phase1f_validation_v1,TRUE
SYN-R-0158,R2,information_evaluation,2,RATED,phase1f_validation_v1,TRUE
SYN-R-0158,R1,method_fit,1,RATED,phase1f_validation_v1,TRUE
SYN-R-0158,R2,method_fit,1,RATED,phase1f_validation_v1,TRUE
SYN-R-0158,R1,limitation_boundary,1,RATED,phase1f_validation_v1,TRUE
SYN-R-0158,R2,limitation_boundary,1,RATED,phase1f_validation_v1,TRUE
SYN-R-0158,R1,independent_decision,1,RATED,phase1f_validation_v1,TRUE
SYN-R-0158,R2,independent_decision,1,RATED,phase1f_validation_v1,TRUE
SYN-R-0158,R1,reasoning_quality,1,RATED,phase1f_validation_v1,TRUE
SYN-R-0158,R2,reasoning_quality,1,RATED,phase1f_validation_v1,TRUE
SYN-R-0223,R1,problem_definition,2,RATED,phase1f_validation_v1,TRUE
SYN-R-0223,R2,problem_definition,2,RATED,phase1f_validation_v1,TRUE
SYN-R-0223,R1,information_evaluation,2,RATED,phase1f_validation_v1,TRUE
SYN-R-0223,R2,information_evaluation,2,RATED,phase1f_validation_v1,TRUE
SYN-R-0223,R1,method_fit,2,RATED,phase1f_validation_v1,TRUE
SYN-R-0223,R2,method_fit,2,RATED,phase1f_validation_v1,TRUE
SYN-R-0223,R1,limitation_boundary,0,RATED,phase1f_validation_v1,TRUE
SYN-R-0223,R2,limitation_boundary,0,RATED,phase1f_validation_v1,TRUE
SYN-R-0223,R1,independent_decision,0,RATED,phase1f_validation_v1,TRUE
SYN-R-0223,R2,independent_decision,0,RATED,phase1f_validation_v1,TRUE
SYN-R-0223,R1,reasoning_quality,1,RATED,phase1f_validation_v1,TRUE
SYN-R-0223,R2,reasoning_quality,1,RATED,phase1f_validation_v1,TRUE
SYN-R-0116,R1,problem_definition,2,RATED,phase1f_validation_v1,TRUE
SYN-R-0116,R2,problem_definition,2,RATED,phase1f_validation_v1,TRUE
SYN-R-0116,R1,information_evaluation,1,RATED,phase1f_validation_v1,TRUE
SYN-R-0116,R2,information_evaluation,1,RATED,phase1f_validation_v1,TRUE
SYN-R-0116,R1,method_fit,1,RATED,phase1f_validation_v1,TRUE
SYN-R-0116,R2,method_fit,1,RATED,phase1f_validation_v1,TRUE
SYN-R-0116,R1,limitation_boundary,1,RATED,phase1f_validation_v1,TRUE
SYN-R-0116,R2,limitation_boundary,1,RATED,phase1f_validation_v1,TRUE
SYN-R-0116,R1,independent_decision,0,RATED,phase1f_validation_v1,TRUE
SYN-R-0116,R2,independent_decision,0,RATED,phase1f_validation_v1,TRUE
SYN-R-0116,R1,reasoning_quality,2,RATED,phase1f_validation_v1,TRUE
SYN-R-0116,R2,reasoning_quality,2,RATED,phase1f_validation_v1,TRUE
SYN-R-0163,R1,information_evaluation,0,RATED,phase1f_validation_v1,TRUE
SYN-R-0163,R2,information_evaluation,1,RATED,phase1f_validation_v1,TRUE
SYN-R-0031,R1,problem_definition,2,RATED,phase1f_validation_v1,TRUE
SYN-R-0031,R2,problem_definition,2,RATED,phase1f_validation_v1,TRUE
SYN-R-0031,R1,information_evaluation,0,RATED,phase1f_validation_v1,TRUE
SYN-R-0031,R2,information_evaluation,0,RATED,phase1f_validation_v1,TRUE
SYN-R-0031,R1,method_fit,1,RATED,phase1f_validation_v1,TRUE
SYN-R-0031,R2,method_fit,2,RATED,phase1f_validation_v1,TRUE
SYN-R-0031,R1,limitation_boundary,1,RATED,phase1f_validation_v1,TRUE
SYN-R-0031,R2,limitation_boundary,1,RATED,phase1f_validation_v1,TRUE
SYN-R-0031,R1,independent_decision,2,RATED,phase1f_validation_v1,TRUE
SYN-R-0031,R2,independent_decision,1,RATED,phase1f_validation_v1,TRUE
SYN-R-0031,R1,reasoning_quality,0,RATED,phase1f_validation_v1,TRUE
SYN-R-0031,R2,reasoning_quality,0,RATED,phase1f_validation_v1,TRUE
SYN-R-0210,R1,problem_definition,1,RATED,phase1f_validation_v1,TRUE
SYN-R-0210,R2,problem_definition,0,RATED,phase1f_validation_v1,TRUE
SYN-R-0210,R1,information_evaluation,0,RATED,phase1f_validation_v1,TRUE
SYN-R-0210,R2,information_evaluation,0,RATED,phase1f_validation_v1,TRUE
SYN-R-0210,R1,method_fit,0,RATED,phase1f_validation_v1,TRUE
SYN-R-0210,R2,method_fit,1,RATED,phase1f_validation_v1,TRUE
SYN-R-0210,R1,limitation_boundary,2,RATED,phase1f_validation_v1,TRUE
SYN-R-0210,R2,limitation_boundary,2,RATED,phase1f_validation_v1,TRUE
SYN-R-0210,R1,independent_decision,1,RATED,phase1f_validation_v1,TRUE
SYN-R-0210,R2,independent_decision,1,RATED,phase1f_validation_v1,TRUE
SYN-R-0210,R1,reasoning_quality,0,RATED,phase1f_validation_v1,TRUE
SYN-R-0210,R2,reasoning_quality,0,RATED,phase1f_validation_v1,TRUE
SYN-R-0201,R1,problem_definition,2,RATED,phase1f_validation_v1,TRUE
SYN-R-0201,R2,problem_definition,2,RATED,phase1f_validation_v1,TRUE
SYN-R-0201,R1,information_evaluation,1,RATED,phase1f_validation_v1,TRUE
SYN-R-0201,R2,information_evaluation,1,RATED,phase1f_validation_v1,TRUE
SYN-R-0201,R1,method_fit,1,RATED,phase1f_validation_v1,TRUE
SYN-R-0201,R2,method_fit,1,RATED,phase1f_validation_v1,TRUE
SYN-R-0201,R1,limitation_boundary,1,RATED,phase1f_validation_v1,TRUE
SYN-R-0201,R2,limitation_boundary,2,RATED,phase1f_validation_v1,TRUE
SYN-R-0201,R1,independent_decision,2,RATED,phase1f_validation_v1,TRUE
SYN-R-0201,R2,independent_decision,2,RATED,phase1f_validation_v1,TRUE
SYN-R-0201,R1,reasoning_quality,2,RATED,phase1f_validation_v1,TRUE
SYN-R-0201,R2,reasoning_quality,2,RATED,phase1f_validation_v1,TRUE
SYN-R-0123,R1,problem_definition,0,RATED,phase1f_validation_v1,TRUE
SYN-R-0123,R2,problem_definition,0,RATED,phase1f_validation_v1,TRUE
SYN-R-0123,R1,information_evaluation,1,RATED,phase1f_validation_v1,TRUE
SYN-R-0123,R2,information_evaluation,1,RATED,phase1f_validation_v1,TRUE
SYN-R-0123,R1,method_fit,1,RATED,phase1f_validation_v1,TRUE
SYN-R-0123,R2,method_fit,2,RATED,phase1f_validation_v1,TRUE
SYN-R-0123,R1,limitation_boundary,1,RATED,phase1f_validation_v1,TRUE
SYN-R-0123,R2,limitation_boundary,1,RATED,phase1f_validation_v1,TRUE
SYN-R-0123,R1,independent_decision,1,RATED,phase1f_validation_v1,TRUE
SYN-R-0123,R2,independent_decision,1,RATED,phase1f_validation_v1,TRUE
SYN-R-0123,R1,reasoning_quality,1,RATED,phase1f_validation_v1,TRUE
SYN-R-0123,R2,reasoning_quality,2,RATED,phase1f_validation_v1,TRUE
SYN-R-0220,R1,problem_definition,2,RATED,phase1f_validation_v1,TRUE
SYN-R-0220,R2,problem_definition,2,RATED,phase1f_validation_v1,TRUE
SYN-R-0220,R1,information_evaluation,0,RATED,phase1f_validation_v1,TRUE
SYN-R-0220,R2,information_evaluation,0,RATED,phase1f_validation_v1,TRUE
SYN-R-0220,R1,method_fit,1,RATED,phase1f_validation_v1,TRUE
SYN-R-0220,R2,method_fit,1,RATED,phase1f_validation_v1,TRUE
SYN-R-0220,R1,limitation_boundary,1,RATED,phase1f_validation_v1,TRUE
SYN-R-0220,R2,limitation_boundary,2,RATED,phase1f_validation_v1,TRUE
SYN-R-0220,R1,independent_decision,2,RATED,phase1f_validation_v1,TRUE
SYN-R-0220,R2,independent_decision,2,RATED,phase1f_validation_v1,TRUE
SYN-R-0220,R1,reasoning_quality,1,RATED,phase1f_validation_v1,TRUE
SYN-R-0220,R2,reasoning_quality,1,RATED,phase1f_validation_v1,TRUE
SYN-R-0054,R1,problem_definition,2,RATED,phase1f_validation_v1,TRUE
SYN-R-0054,R2,problem_definition,2,RATED,phase1f_validation_v1,TRUE
SYN-R-0054,R1,information_evaluation,1,RATED,phase1f_validation_v1,TRUE
SYN-R-0054,R2,information_evaluation,1,RATED,phase1f_validation_v1,TRUE
SYN-R-0054,R1,method_fit,2,RATED,phase1f_validation_v1,TRUE
SYN-R-0054,R2,method_fit,2,RATED,phase1f_validation_v1,TRUE
SYN-R-0054,R1,limitation_boundary,1,RATED,phase1f_validation_v1,TRUE
SYN-R-0054,R2,limitation_boundary,0,RATED,phase1f_validation_v1,TRUE
SYN-R-0054,R1,independent_decision,2,RATED,phase1f_validation_v1,TRUE
SYN-R-0054,R2,independent_decision,2,RATED,phase1f_validation_v1,TRUE
SYN-R-0054,R1,reasoning_quality,0,RATED,phase1f_validation_v1,TRUE
SYN-R-0054,R2,reasoning_quality,0,RATED,phase1f_validation_v1,TRUE
SYN-R-0076,R1,problem_definition,1,RATED,phase1f_validation_v1,TRUE
SYN-R-0076,R2,problem_definition,2,RATED,phase1f_validation_v1,TRUE
SYN-R-0076,R1,information_evaluation,2,RATED,phase1f_validation_v1,TRUE
SYN-R-0076,R2,information_evaluation,2,RATED,phase1f_validation_v1,TRUE
SYN-R-0076,R1,method_fit,1,RATED,phase1f_validation_v1,TRUE
SYN-R-0076,R2,method_fit,1,RATED,phase1f_validation_v1,TRUE
SYN-R-0076,R1,limitation_boundary,1,RATED,phase1f_validation_v1,TRUE
SYN-R-0076,R2,limitation_boundary,0,RATED,phase1f_validation_v1,TRUE
SYN-R-0076,R1,independent_decision,2,RATED,phase1f_validation_v1,TRUE
SYN-R-0076,R2,independent_decision,2,RATED,phase1f_validation_v1,TRUE
SYN-R-0076,R1,reasoning_quality,2,RATED,phase1f_validation_v1,TRUE
SYN-R-0076,R2,reasoning_quality,2,RATED,phase1f_validation_v1,TRUE
SYN-R-0064,R1,problem_definition,1,RATED,phase1f_validation_v1,TRUE
SYN-R-0064,R2,problem_definition,2,RATED,phase1f_validation_v1,TRUE
SYN-R-0064,R1,information_evaluation,2,RATED,phase1f_validation_v1,TRUE
SYN-R-0064,R2,information_evaluation,2,RATED,phase1f_validation_v1,TRUE
SYN-R-0064,R1,method_fit,2,RATED,phase1f_validation_v1,TRUE
SYN-R-0064,R2,method_fit,2,RATED,phase1f_validation_v1,TRUE
SYN-R-0064,R1,limitation_boundary,2,RATED,phase1f_validation_v1,TRUE
SYN-R-0064,R2,limitation_boundary,2,RATED,phase1f_validation_v1,TRUE
SYN-R-0064,R1,independent_decision,2,RATED,phase1f_validation_v1,TRUE
SYN-R-0064,R2,independent_decision,1,RATED,phase1f_validation_v1,TRUE
SYN-R-0064,R1,reasoning_quality,2,RATED,phase1f_validation_v1,TRUE
SYN-R-0064,R2,reasoning_quality,2,RATED,phase1f_validation_v1,TRUE
SYN-R-0070,R1,problem_definition,1,RATED,phase1f_validation_v1,TRUE
SYN-R-0070,R2,problem_definition,1,RATED,phase1f_validation_v1,TRUE
SYN-R-0070,R1,information_evaluation,0,RATED,phase1f_validation_v1,TRUE
SYN-R-0070,R2,information_evaluation,0,RATED,phase1f_validation_v1,TRUE
SYN-R-0070,R1,method_fit,2,RATED,phase1f_validation_v1,TRUE
SYN-R-0070,R2,method_fit,2,RATED,phase1f_validation_v1,TRUE
SYN-R-0070,R1,limitation_boundary,1,RATED,phase1f_validation_v1,TRUE
SYN-R-0070,R2,limitation_boundary,1,RATED,phase1f_validation_v1,TRUE
SYN-R-0070,R1,independent_decision,1,RATED,phase1f_validation_v1,TRUE
SYN-R-0070,R2,independent_decision,1,RATED,phase1f_validation_v1,TRUE
SYN-R-0070,R1,reasoning_quality,2,RATED,phase1f_validation_v1,TRUE
SYN-R-0070,R2,reasoning_quality,2,RATED,phase1f_validation_v1,TRUE
SYN-R-0226,R1,problem_definition,1,RATED,phase1f_validation_v1,TRUE
SYN-R-0226,R2,problem_definition,2,RATED,phase1f_validation_v1,TRUE
SYN-R-0226,R1,information_evaluation,1,RATED,phase1f_validation_v1,TRUE
SYN-R-0226,R2,information_evaluation,1,RATED,phase1f_validation_v1,TRUE
SYN-R-0226,R1,method_fit,1,RATED,phase1f_validation_v1,TRUE
SYN-R-0226,R2,method_fit,1,RATED,phase1f_validation_v1,TRUE
SYN-R-0226,R1,limitation_boundary,2,RATED,phase1f_validation_v1,TRUE
SYN-R-0226,R2,limitation_boundary,1,RATED,phase1f_validation_v1,TRUE
SYN-R-0226,R1,independent_decision,2,RATED,phase1f_validation_v1,TRUE
SYN-R-0226,R2,independent_decision,1,RATED,phase1f_validation_v1,TRUE
SYN-R-0226,R1,reasoning_quality,2,RATED,phase1f_validation_v1,TRUE
SYN-R-0226,R2,reasoning_quality,2,RATED,phase1f_validation_v1,TRUE
SYN-R-0185,R1,problem_definition,2,RATED,phase1f_validation_v1,TRUE
SYN-R-0185,R2,problem_definition,2,RATED,phase1f_validation_v1,TRUE
SYN-R-0185,R1,information_evaluation,1,RATED,phase1f_validation_v1,TRUE
SYN-R-0185,R2,information_evaluation,1,RATED,phase1f_validation_v1,TRUE
SYN-R-0185,R1,method_fit,1,RATED,phase1f_validation_v1,TRUE
SYN-R-0185,R2,method_fit,2,RATED,phase1f_validation_v1,TRUE
SYN-R-0185,R1,limitation_boundary,1,RATED,phase1f_validation_v1,TRUE
SYN-R-0185,R2,limitation_boundary,1,RATED,phase1f_validation_v1,TRUE
SYN-R-0185,R1,independent_decision,1,RATED,phase1f_validation_v1,TRUE
SYN-R-0185,R2,independent_decision,1,RATED,phase1f_validation_v1,TRUE
SYN-R-0185,R1,reasoning_quality,2,RATED,phase1f_validation_v1,TRUE
SYN-R-0185,R2,reasoning_quality,2,RATED,phase1f_validation_v1,TRUE
SYN-R-0126,R1,problem_definition,1,RATED,phase1f_validation_v1,TRUE
SYN-R-0126,R2,problem_definition,1,RATED,phase1f_validation_v1,TRUE
SYN-R-0126,R1,information_evaluation,1,RATED,phase1f_validation_v1,TRUE
SYN-R-0126,R2,information_evaluation,1,RATED,phase1f_validation_v1,TRUE
SYN-R-0126,R1,method_fit,1,RATED,phase1f_validation_v1,TRUE
SYN-R-0126,R2,method_fit,1,RATED,phase1f_validation_v1,TRUE
SYN-R-0126,R1,limitation_boundary,1,RATED,phase1f_validation_v1,TRUE
SYN-R-0126,R2,limitation_boundary,1,RATED,phase1f_validation_v1,TRUE
SYN-R-0126,R1,independent_decision,1,RATED,phase1f_validation_v1,TRUE
SYN-R-0126,R2,independent_decision,1,RATED,phase1f_validation_v1,TRUE
SYN-R-0126,R1,reasoning_quality,2,RATED,phase1f_validation_v1,TRUE
SYN-R-0126,R2,reasoning_quality,2,RATED,phase1f_validation_v1,TRUE
SYN-R-0225,R1,limitation_boundary,2,RATED,phase1f_validation_v1,TRUE
SYN-R-0225,R2,limitation_boundary,2,RATED,phase1f_validation_v1,TRUE
SYN-R-0225,R1,independent_decision,2,RATED,phase1f_validation_v1,TRUE
SYN-R-0225,R2,independent_decision,1,RATED,phase1f_validation_v1,TRUE
SYN-R-0046,R1,limitation_boundary,2,RATED,phase1f_validation_v1,TRUE
SYN-R-0046,R2,limitation_boundary,1,RATED,phase1f_validation_v1,TRUE
SYN-R-0165,R1,problem_definition,1,RATED,phase1f_validation_v1,TRUE
SYN-R-0165,R2,problem_definition,1,RATED,phase1f_validation_v1,TRUE
SYN-R-0165,R1,information_evaluation,1,RATED,phase1f_validation_v1,TRUE
SYN-R-0165,R2,information_evaluation,1,RATED,phase1f_validation_v1,TRUE
SYN-R-0165,R1,method_fit,2,RATED,phase1f_validation_v1,TRUE
SYN-R-0165,R2,method_fit,2,RATED,phase1f_validation_v1,TRUE
SYN-R-0165,R1,limitation_boundary,1,RATED,phase1f_validation_v1,TRUE
SYN-R-0165,R2,limitation_boundary,2,RATED,phase1f_validation_v1,TRUE
SYN-R-0165,R1,reasoning_quality,1,RATED,phase1f_validation_v1,TRUE
SYN-R-0165,R2,reasoning_quality,1,RATED,phase1f_validation_v1,TRUE
SYN-R-0153,R1,problem_definition,1,RATED,phase1f_validation_v1,TRUE
SYN-R-0153,R2,problem_definition,1,RATED,phase1f_validation_v1,TRUE
SYN-R-0153,R1,information_evaluation,1,RATED,phase1f_validation_v1,TRUE
SYN-R-0153,R2,information_evaluation,1,RATED,phase1f_validation_v1,TRUE
SYN-R-0153,R1,method_fit,2,RATED,phase1f_validation_v1,TRUE
SYN-R-0153,R2,method_fit,2,RATED,phase1f_validation_v1,TRUE
SYN-R-0153,R1,limitation_boundary,2,RATED,phase1f_validation_v1,TRUE
SYN-R-0153,R2,limitation_boundary,1,RATED,phase1f_validation_v1,TRUE
SYN-R-0153,R1,independent_decision,1,RATED,phase1f_validation_v1,TRUE
SYN-R-0153,R2,independent_decision,1,RATED,phase1f_validation_v1,TRUE
SYN-R-0153,R1,reasoning_quality,1,RATED,phase1f_validation_v1,TRUE
SYN-R-0153,R2,reasoning_quality,1,RATED,phase1f_validation_v1,TRUE
SYN-R-0233,R1,problem_definition,0,RATED,phase1f_validation_v1,TRUE
SYN-R-0233,R2,problem_definition,0,RATED,phase1f_validation_v1,TRUE
SYN-R-0233,R1,information_evaluation,2,RATED,phase1f_validation_v1,TRUE
SYN-R-0233,R2,information_evaluation,2,RATED,phase1f_validation_v1,TRUE
SYN-R-0233,R1,method_fit,2,RATED,phase1f_validation_v1,TRUE
SYN-R-0233,R2,method_fit,2,RATED,phase1f_validation_v1,TRUE
SYN-R-0233,R1,limitation_boundary,1,RATED,phase1f_validation_v1,TRUE
SYN-R-0233,R2,limitation_boundary,1,RATED,phase1f_validation_v1,TRUE
SYN-R-0233,R1,independent_decision,1,RATED,phase1f_validation_v1,TRUE
SYN-R-0233,R2,independent_decision,1,RATED,phase1f_validation_v1,TRUE
SYN-R-0233,R1,reasoning_quality,2,RATED,phase1f_validation_v1,TRUE
SYN-R-0233,R2,reasoning_quality,2,RATED,phase1f_validation_v1,TRUE
SYN-R-0021,R1,problem_definition,0,RATED,phase1f_validation_v1,TRUE
SYN-R-0021,R2,problem_definition,1,RATED,phase1f_validation_v1,TRUE
SYN-R-0021,R1,information_evaluation,2,RATED,phase1f_validation_v1,TRUE
SYN-R-0021,R2,information_evaluation,2,RATED,phase1f_validation_v1,TRUE
SYN-R-0021,R1,method_fit,1,RATED,phase1f_validation_v1,TRUE
SYN-R-0021,R2,method_fit,1,RATED,phase1f_validation_v1,TRUE
SYN-R-0021,R1,limitation_boundary,0,RATED,phase1f_validation_v1,TRUE
SYN-R-0021,R2,limitation_boundary,0,RATED,phase1f_validation_v1,TRUE
SYN-R-0021,R1,independent_decision,2,RATED,phase1f_validation_v1,TRUE
SYN-R-0021,R2,independent_decision,2,RATED,phase1f_validation_v1,TRUE
SYN-R-0021,R1,reasoning_quality,2,RATED,phase1f_validation_v1,TRUE
SYN-R-0021,R2,reasoning_quality,2,RATED,phase1f_validation_v1,TRUE
SYN-R-0136,R1,problem_definition,1,RATED,phase1f_validation_v1,TRUE
SYN-R-0136,R2,problem_definition,1,RATED,phase1f_validation_v1,TRUE
SYN-R-0136,R1,information_evaluation,1,RATED,phase1f_validation_v1,TRUE
SYN-R-0136,R2,information_evaluation,2,RATED,phase1f_validation_v1,TRUE
SYN-R-0136,R1,method_fit,1,RATED,phase1f_validation_v1,TRUE
SYN-R-0136,R2,method_fit,1,RATED,phase1f_validation_v1,TRUE
SYN-R-0136,R1,limitation_boundary,2,RATED,phase1f_validation_v1,TRUE
SYN-R-0136,R2,limitation_boundary,2,RATED,phase1f_validation_v1,TRUE
SYN-R-0136,R1,independent_decision,1,RATED,phase1f_validation_v1,TRUE
SYN-R-0136,R2,independent_decision,1,RATED,phase1f_validation_v1,TRUE
SYN-R-0136,R1,reasoning_quality,1,RATED,phase1f_validation_v1,TRUE
SYN-R-0136,R2,reasoning_quality,1,RATED,phase1f_validation_v1,TRUE
SYN-R-0197,R1,problem_definition,2,RATED,phase1f_validation_v1,TRUE
SYN-R-0197,R2,problem_definition,2,RATED,phase1f_validation_v1,TRUE
SYN-R-0197,R1,information_evaluation,2,RATED,phase1f_validation_v1,TRUE
SYN-R-0197,R2,information_evaluation,2,RATED,phase1f_validation_v1,TRUE
SYN-R-0197,R1,independent_decision,1,RATED,phase1f_validation_v1,TRUE
SYN-R-0197,R2,independent_decision,1,RATED,phase1f_validation_v1,TRUE
SYN-R-0197,R1,reasoning_quality,2,RATED,phase1f_validation_v1,TRUE
SYN-R-0197,R2,reasoning_quality,2,RATED,phase1f_validation_v1,TRUE
SYN-R-0181,R1,information_evaluation,1,RATED,phase1f_validation_v1,TRUE
SYN-R-0181,R2,information_evaluation,1,RATED,phase1f_validation_v1,TRUE
SYN-R-0181,R1,method_fit,0,RATED,phase1f_validation_v1,TRUE
SYN-R-0181,R2,method_fit,0,RATED,phase1f_validation_v1,TRUE
SYN-R-0181,R1,limitation_boundary,1,RATED,phase1f_validation_v1,TRUE
SYN-R-0181,R2,limitation_boundary,2,RATED,phase1f_validation_v1,TRUE
SYN-R-0181,R1,reasoning_quality,0,RATED,phase1f_validation_v1,TRUE
SYN-R-0181,R2,reasoning_quality,0,RATED,phase1f_validation_v1,TRUE
SYN-R-0053,R1,problem_definition,1,RATED,phase1f_validation_v1,TRUE
SYN-R-0053,R2,problem_definition,1,RATED,phase1f_validation_v1,TRUE
SYN-R-0053,R1,information_evaluation,2,RATED,phase1f_validation_v1,TRUE
SYN-R-0053,R2,information_evaluation,1,RATED,phase1f_validation_v1,TRUE
SYN-R-0053,R1,method_fit,1,RATED,phase1f_validation_v1,TRUE
SYN-R-0053,R2,method_fit,1,RATED,phase1f_validation_v1,TRUE
SYN-R-0053,R1,limitation_boundary,2,RATED,phase1f_validation_v1,TRUE
SYN-R-0053,R2,limitation_boundary,2,RATED,phase1f_validation_v1,TRUE
SYN-R-0053,R1,independent_decision,2,RATED,phase1f_validation_v1,TRUE
SYN-R-0053,R2,independent_decision,2,RATED,phase1f_validation_v1,TRUE
SYN-R-0053,R1,reasoning_quality,1,RATED,phase1f_validation_v1,TRUE
SYN-R-0053,R2,reasoning_quality,1,RATED,phase1f_validation_v1,TRUE
SYN-R-0051,R1,problem_definition,1,RATED,phase1f_validation_v1,TRUE
SYN-R-0051,R2,problem_definition,2,RATED,phase1f_validation_v1,TRUE
SYN-R-0051,R1,information_evaluation,0,RATED,phase1f_validation_v1,TRUE
SYN-R-0051,R2,information_evaluation,0,RATED,phase1f_validation_v1,TRUE
SYN-R-0051,R1,method_fit,2,RATED,phase1f_validation_v1,TRUE
SYN-R-0051,R2,method_fit,2,RATED,phase1f_validation_v1,TRUE
SYN-R-0051,R1,limitation_boundary,1,RATED,phase1f_validation_v1,TRUE
SYN-R-0051,R2,limitation_boundary,1,RATED,phase1f_validation_v1,TRUE
SYN-R-0051,R1,independent_decision,2,RATED,phase1f_validation_v1,TRUE
SYN-R-0051,R2,independent_decision,2,RATED,phase1f_validation_v1,TRUE
SYN-R-0051,R1,reasoning_quality,1,RATED,phase1f_validation_v1,TRUE
SYN-R-0051,R2,reasoning_quality,0,RATED,phase1f_validation_v1,TRUE
SYN-R-0125,R1,problem_definition,1,RATED,phase1f_validation_v1,TRUE
SYN-R-0125,R2,problem_definition,1,RATED,phase1f_validation_v1,TRUE
SYN-R-0125,R1,information_evaluation,2,RATED,phase1f_validation_v1,TRUE
SYN-R-0125,R2,information_evaluation,2,RATED,phase1f_validation_v1,TRUE
SYN-R-0125,R1,method_fit,1,RATED,phase1f_validation_v1,TRUE
SYN-R-0125,R2,method_fit,1,RATED,phase1f_validation_v1,TRUE
SYN-R-0125,R1,limitation_boundary,1,RATED,phase1f_validation_v1,TRUE
SYN-R-0125,R2,limitation_boundary,1,RATED,phase1f_validation_v1,TRUE
SYN-R-0125,R1,independent_decision,1,RATED,phase1f_validation_v1,TRUE
SYN-R-0125,R2,independent_decision,1,RATED,phase1f_validation_v1,TRUE
SYN-R-0125,R1,reasoning_quality,0,RATED,phase1f_validation_v1,TRUE
SYN-R-0125,R2,reasoning_quality,0,RATED,phase1f_validation_v1,TRUE
SYN-R-0161,R1,method_fit,1,RATED,phase1f_validation_v1,TRUE
SYN-R-0161,R2,method_fit,1,RATED,phase1f_validation_v1,TRUE
SYN-R-0164,R1,problem_definition,1,RATED,phase1f_validation_v1,TRUE
SYN-R-0164,R2,problem_definition,0,RATED,phase1f_validation_v1,TRUE
SYN-R-0164,R1,information_evaluation,1,RATED,phase1f_validation_v1,TRUE
SYN-R-0164,R2,information_evaluation,1,RATED,phase1f_validation_v1,TRUE
SYN-R-0164,R1,method_fit,2,RATED,phase1f_validation_v1,TRUE
SYN-R-0164,R2,method_fit,2,RATED,phase1f_validation_v1,TRUE
SYN-R-0164,R1,limitation_boundary,1,RATED,phase1f_validation_v1,TRUE
SYN-R-0164,R2,limitation_boundary,1,RATED,phase1f_validation_v1,TRUE
SYN-R-0164,R1,independent_decision,1,RATED,phase1f_validation_v1,TRUE
SYN-R-0164,R2,independent_decision,1,RATED,phase1f_validation_v1,TRUE
SYN-R-0164,R1,reasoning_quality,1,RATED,phase1f_validation_v1,TRUE
SYN-R-0164,R2,reasoning_quality,1,RATED,phase1f_validation_v1,TRUE
SYN-R-0047,R1,problem_definition,1,RATED,phase1f_validation_v1,TRUE
SYN-R-0047,R2,problem_definition,1,RATED,phase1f_validation_v1,TRUE
SYN-R-0047,R1,information_evaluation,0,RATED,phase1f_validation_v1,TRUE
SYN-R-0047,R2,information_evaluation,0,RATED,phase1f_validation_v1,TRUE
SYN-R-0047,R1,method_fit,1,RATED,phase1f_validation_v1,TRUE
SYN-R-0047,R2,method_fit,1,RATED,phase1f_validation_v1,TRUE
SYN-R-0047,R1,limitation_boundary,2,RATED,phase1f_validation_v1,TRUE
SYN-R-0047,R2,limitation_boundary,2,RATED,phase1f_validation_v1,TRUE
SYN-R-0047,R1,independent_decision,1,RATED,phase1f_validation_v1,TRUE
SYN-R-0047,R2,independent_decision,2,RATED,phase1f_validation_v1,TRUE
SYN-R-0047,R1,reasoning_quality,2,RATED,phase1f_validation_v1,TRUE
SYN-R-0047,R2,reasoning_quality,2,RATED,phase1f_validation_v1,TRUE
SYN-R-0174,R1,problem_definition,1,RATED,phase1f_validation_v1,TRUE
SYN-R-0174,R2,problem_definition,1,RATED,phase1f_validation_v1,TRUE
SYN-R-0174,R1,information_evaluation,2,RATED,phase1f_validation_v1,TRUE
SYN-R-0174,R2,information_evaluation,2,RATED,phase1f_validation_v1,TRUE
SYN-R-0174,R1,method_fit,2,RATED,phase1f_validation_v1,TRUE
SYN-R-0174,R2,method_fit,2,RATED,phase1f_validation_v1,TRUE
SYN-R-0174,R1,limitation_boundary,0,RATED,phase1f_validation_v1,TRUE
SYN-R-0174,R2,limitation_boundary,1,RATED,phase1f_validation_v1,TRUE
SYN-R-0174,R1,independent_decision,2,RATED,phase1f_validation_v1,TRUE
SYN-R-0174,R2,independent_decision,2,RATED,phase1f_validation_v1,TRUE
SYN-R-0174,R1,reasoning_quality,1,RATED,phase1f_validation_v1,TRUE
SYN-R-0174,R2,reasoning_quality,1,RATED,phase1f_validation_v1,TRUE
SYN-R-0124,R1,problem_definition,0,RATED,phase1f_validation_v1,TRUE
SYN-R-0124,R2,problem_definition,0,RATED,phase1f_validation_v1,TRUE
SYN-R-0124,R1,information_evaluation,2,RATED,phase1f_validation_v1,TRUE
SYN-R-0124,R2,information_evaluation,2,RATED,phase1f_validation_v1,TRUE
SYN-R-0124,R1,method_fit,2,RATED,phase1f_validation_v1,TRUE
SYN-R-0124,R2,method_fit,2,RATED,phase1f_validation_v1,TRUE
SYN-R-0124,R1,limitation_boundary,1,RATED,phase1f_validation_v1,TRUE
SYN-R-0124,R2,limitation_boundary,1,RATED,phase1f_validation_v1,TRUE
SYN-R-0124,R1,independent_decision,1,RATED,phase1f_validation_v1,TRUE
SYN-R-0124,R2,independent_decision,1,RATED,phase1f_validation_v1,TRUE
SYN-R-0124,R1,reasoning_quality,2,RATED,phase1f_validation_v1,TRUE
SYN-R-0124,R2,reasoning_quality,1,RATED,phase1f_validation_v1,TRUE
SYN-R-0097,R1,information_evaluation,1,RATED,phase1f_validation_v1,TRUE
SYN-R-0097,R2,information_evaluation,1,RATED,phase1f_validation_v1,TRUE
SYN-R-0097,R1,method_fit,1,RATED,phase1f_validation_v1,TRUE
SYN-R-0097,R2,method_fit,1,RATED,phase1f_validation_v1,TRUE
SYN-R-0097,R1,limitation_boundary,1,RATED,phase1f_validation_v1,TRUE
SYN-R-0097,R2,limitation_boundary,1,RATED,phase1f_validation_v1,TRUE
SYN-R-0119,R1,problem_definition,2,RATED,phase1f_validation_v1,TRUE
SYN-R-0119,R2,problem_definition,2,RATED,phase1f_validation_v1,TRUE
SYN-R-0119,R1,information_evaluation,1,RATED,phase1f_validation_v1,TRUE
SYN-R-0119,R2,information_evaluation,1,RATED,phase1f_validation_v1,TRUE
SYN-R-0119,R1,method_fit,1,RATED,phase1f_validation_v1,TRUE
SYN-R-0119,R2,method_fit,1,RATED,phase1f_validation_v1,TRUE
SYN-R-0119,R1,limitation_boundary,1,RATED,phase1f_validation_v1,TRUE
SYN-R-0119,R2,limitation_boundary,1,RATED,phase1f_validation_v1,TRUE
SYN-R-0119,R1,independent_decision,1,RATED,phase1f_validation_v1,TRUE
SYN-R-0119,R2,independent_decision,1,RATED,phase1f_validation_v1,TRUE
SYN-R-0119,R1,reasoning_quality,2,RATED,phase1f_validation_v1,TRUE
SYN-R-0119,R2,reasoning_quality,2,RATED,phase1f_validation_v1,TRUE
SYN-R-0004,R1,problem_definition,2,RATED,phase1f_validation_v1,TRUE
SYN-R-0004,R2,problem_definition,2,RATED,phase1f_validation_v1,TRUE
SYN-R-0004,R1,information_evaluation,1,RATED,phase1f_validation_v1,TRUE
SYN-R-0004,R2,information_evaluation,0,RATED,phase1f_validation_v1,TRUE
SYN-R-0004,R1,method_fit,1,RATED,phase1f_validation_v1,TRUE
SYN-R-0004,R2,method_fit,1,RATED,phase1f_validation_v1,TRUE
SYN-R-0004,R1,independent_decision,2,RATED,phase1f_validation_v1,TRUE
SYN-R-0004,R2,independent_decision,2,RATED,phase1f_validation_v1,TRUE
SYN-R-0004,R1,reasoning_quality,1,RATED,phase1f_validation_v1,TRUE
SYN-R-0004,R2,reasoning_quality,0,RATED,phase1f_validation_v1,TRUE
SYN-R-0084,R1,problem_definition,2,RATED,phase1f_validation_v1,TRUE
SYN-R-0084,R2,problem_definition,1,RATED,phase1f_validation_v1,TRUE
SYN-R-0084,R1,method_fit,2,RATED,phase1f_validation_v1,TRUE
SYN-R-0084,R2,method_fit,2,RATED,phase1f_validation_v1,TRUE
SYN-R-0084,R1,limitation_boundary,0,RATED,phase1f_validation_v1,TRUE
SYN-R-0084,R2,limitation_boundary,0,RATED,phase1f_validation_v1,TRUE
SYN-R-0084,R1,reasoning_quality,1,RATED,phase1f_validation_v1,TRUE
SYN-R-0084,R2,reasoning_quality,1,RATED,phase1f_validation_v1,TRUE
