source_id,source_type,title,filename_or_url,publisher_or_owner,year,local_available,web_accessible,access_date,role_in_project,copyright_or_access_note,notes
L01,SUPERVISOR_PROPOSAL,从阓匀申报书20260401.pdf,从阓匀申报书20260401.pdf,Supervisor,2026,no,no,2026-10-02,Original topic and design audit,Supervisor-provided private material; not uploaded,MISSING_LOCAL_SOURCE within allowed workspace scope
L02,RESEARCH_TEMPLATE,期刊模板参考.xlsx,期刊模板参考.xlsx,Supervisor,unknown,no,no,2026-10-02,Academic research-design reference,Supervisor-provided private material; not uploaded,MISSING_LOCAL_SOURCE; sheets and studies unknown
L03,DATASET,基础控制变量_chy20260722.dta,基础控制变量_chy20260722.dta,Supervisor,2026,no,no,2026-10-02,Possible enterprise panel metadata audit,Private dataset; no copy or upload,MISSING_LOCAL_SOURCE; rows variables years unknown
L04,STATA_TEMPLATE,主回归Code模板_20260121.do,主回归Code模板_20260121.do,Supervisor,2026,no,no,2026-10-02,Static Stata workflow reference,Private source code; no copy or upload,MISSING_LOCAL_SOURCE; no execution
L05,REPLICATION_PACKAGE,智能制造政策与中国企业高质量发展_附加材料.zip,智能制造政策与中国企业高质量发展_附加材料.zip,Supervisor,unknown,no,no,2026-10-02,Reference package inventory and workflow assessment,Private package/data/code; no copy or upload,MISSING_LOCAL_SOURCE; archive contents unknown
L06,AWARD_LIST,第十八届“挑战杯”竞赛结果发布——全国.pdf,第十八届“挑战杯”竞赛结果发布——全国.pdf,Supervisor,2023,no,no,2026-10-02,User-provided local award-list copy,Copyright/access status unknown; not uploaded,MISSING_LOCAL_SOURCE; separate official online award list found
W01,DATA_SOURCE,A股上市公司招聘数据,https://www.cnopendata.com/data/m/listedcompany-special/chinese-listed-companies-onlinerect.html,CnOpenData,2014-2024,not_applicable,yes,2026-10-02,Assess recruitment data coverage fields and access,Product page offers academic research edition by quotation; terms require provider confirmation,Web page redirects to current labour and recruitment catalogue
W02,DATA_SOURCE,A股上市公司AI岗位线上招聘数据,https://www.cnopendata.com/data/m/labour%26recruit/listedco-AI-recruitment.html,CnOpenData,2014-2024,not_applicable,yes,2026-10-02,Assess separate AI job sub-dataset,Separate product; do not assume included in standard recruitment data; access requires quotation and terms check
W03,WECHAT_ARTICLE,CnOpenData recruitment application logic guide,https://mp.weixin.qq.com/s/mtW2OZ05DmWAcPgPdaDjyQ,CnOpenData WeChat account,unknown,not_applicable,no,2026-10-02,User-provided dataset-use guide,WECHAT_AUTOMATION_UNAVAILABLE; not independently retrieved,Official product page substitutes only for public coverage and field facts not the complete application guide
W04,WECHAT_ARTICLE,User-provided WeChat article 2,https://mp.weixin.qq.com/s/uHFDS0bK5QSGFrR6Zv5teA,unknown,unknown,not_applicable,no,2026-10-02,Competition or school benchmark reference,WECHAT_AUTOMATION_UNAVAILABLE; title publisher date and text not independently retrieved,Official school pages found for named institutions; exact article match unknown
W05,WECHAT_ARTICLE,User-provided WeChat article 3,https://mp.weixin.qq.com/s/0XFDOZON-Ww7ME2Hgb_E7g,unknown,unknown,not_applicable,no,2026-10-02,Competition or school benchmark reference,WECHAT_AUTOMATION_UNAVAILABLE; title publisher date and text not independently retrieved,Official school pages found for named institutions; exact article match unknown
W06,WECHAT_ARTICLE,User-provided WeChat article 4,https://mp.weixin.qq.com/s/_V4W87cDXhzQXeZ28miVmQ,unknown,unknown,not_applicable,no,2026-10-02,Competition or school benchmark reference,WECHAT_AUTOMATION_UNAVAILABLE; title publisher date and text not independently retrieved,Official school pages found for named institutions; exact article match unknown
W07,WECHAT_ARTICLE,User-provided WeChat article 5,https://mp.weixin.qq.com/s/UFW73IBNDDBkgkSTux39OQ,unknown,unknown,not_applicable,no,2026-10-02,Competition or school benchmark reference,WECHAT_AUTOMATION_UNAVAILABLE; title publisher date and text not independently retrieved,Official school pages found for named institutions; exact article match unknown
O01,SCHOOL_AWARD_NOTICE,2023 UIBE Challenge Cup Beijing award report,https://news.uibe.edu.cn/info/1608/54891.htm,University of International Business and Economics,2023,not_applicable,yes,2026-10-02,Verify named 2023 award titles and sample statement,Official university news; title-level details in page,Linked WeChat correspondence not confirmed
O02,SCHOOL_AWARD_NOTICE,2025 CUC campus subject competition results,https://xxgk.cuc.edu.cn/2025/0407/c5356a254076/page.htm,Communication University of China,2025,not_applicable,yes,2026-10-02,Nearest benchmark titles and awards,Official university public notice; public list of campus awards,School-level results are not the Beijing final results
O03,SCHOOL_AWARD_NOTICE,2025 CUFE Beijing Challenge Cup award notice,https://youth.cufe.edu.cn/info/1002/4770.htm,Central University of Finance and Economics Youth League,2025,not_applicable,yes,2026-10-02,Verify overall school participation and awards,Official school notice; readable page does not expose complete individual subject-track title list
O04,SCHOOL_AWARD_NOTICE,2025 CUFE 19th national AI plus nominations,https://youth.cufe.edu.cn/info/1002/4877.htm,Central University of Finance and Economics Youth League,2025,not_applicable,yes,2026-10-02,Supplementary AI plus project comparator,Official notice of proposed recommendations only; not a final award result
O05,SCHOOL_AWARD_NOTICE,CUEB student fieldwork profile published 2023; award year unknown,https://news.cueb.edu.cn/xydt/bc/149939.htm,Capital University of Economics and Business,publication-2023-award-year-unknown,not_applicable,yes,2026-10-02,Reference on student fieldwork and report presentation,Official university student profile; exact formal project title award year and sample count not disclosed
O06,SCHOOL_AWARD_NOTICE,CUEB 2025 Challenge Cup overall report,https://news.cueb.edu.cn/docs/2025-06/70e1388ba62a42ca82829127c018d9c6.pdf,Capital University of Economics and Business,2025,not_applicable,yes,2026-10-02,School-level result context,Official university newspaper PDF; not a complete machine-readable project-level list
O07,SCHOOL_AWARD_NOTICE,CUEB 2025 overseas Chinese college results,https://occ.cueb.edu.cn/xydt/4d7879725aa248dd9f03097ecddfa91c.htm,Capital University of Economics and Business Overseas Chinese College,2025,not_applicable,yes,2026-10-02,Illustrative 2025 project and fieldwork examples,Official college news; includes both planning and research examples; do not generalize school-wide
O08,AWARD_LIST,18th National Challenge Cup award list,https://www.tiaozhanbei.net/media/ckeditor_uploads/genrui/2026/03/12/%E7%AC%AC%E5%8D%81%E5%85%AB%E5%B1%8A%E2%80%9C%E6%8C%91%E6%88%98%E6%9D%AF%E2%80%9D%E5%85%A8%E5%9B%BD%E5%A4%A7%E5%AD%A6%E7%94%9F%E8%AF%BE%E5%A4%96%E5%AD%A6%E6%9C%AF%E7%A7%91%E6%8A%80%E4%BD%9C%E5%93%81%E7%AB%9E%E8%B5%9B%E6%8E%88%E5%A5%96%E5%90%8D%E5%8D%95.pdf,National Challenge Cup official website,2023,not_applicable,yes,2026-10-02,National benchmark titles and listed scope,Official results PDF accessible online; local user copy still missing; award rank not inferred where extraction loses layout
O09,COMPETITION_RULES,Challenge Cup national competition charter,https://www.tiaozhanbei.net/rules,National Challenge Cup official website,current,not_applicable,yes,2026-10-02,Confirm cycle and work categories,Official charter; detailed current local schedule must come from school
O10,COMPETITION_RULES,CUEB 2026 campus selection for 2027 Challenge Cup,https://cba.cueb.edu.cn/xzsy/e68744f8586a4c6a8bfab9f28015632f.htm,Capital University of Economics and Business School of Business,2025-2026,not_applicable,yes,2026-10-02,Historical local rules and eligibility reference,HISTORICAL_REFERENCE_ONLY; published period ended Apr 2026; not a current deadline
O11,COMPETITION_RULES,CUEB law college 2026 competition progress report,https://law.cueb.edu.cn/xsyd/txfc/f037dd2b320048808be199fabfcb0a08.htm,Capital University of Economics and Business Law School,2026,not_applicable,yes,2026-10-02,Corroborate prior-cycle activity,Official school or college stage report; not a new open-round notice
