research_id,ai_used_in_task,asked_reason,checked_evidence,modified_ai,rejected_ai,synthetic_flag
SYN-R-0178,YES,YES,YES,YES,NA_APPL,TRUE
SYN-R-0066,YES,YES,NA_DK,YES,NO,TRUE
SYN-R-0137,YES,NA_DK,NA_DK,YES,YES,TRUE
SYN-R-0077,YES,NA_DK,NA_DK,NO,YES,TRUE
SYN-R-0168,YES,NA_DK,YES,YES,NO,TRUE
SYN-R-0146,YES,NO,NO,NO,NA_APPL,TRUE
SYN-R-0003,YES,NA_DK,NA_DK,NA_APPL,NO,TRUE
SYN-R-0212,YES,YES,NO,YES,YES,TRUE
SYN-R-0101,YES,NA_DK,YES,YES,YES,TRUE
SYN-R-0152,YES,YES,NA_DK,NO,NO,TRUE
SYN-R-0142,YES,YES,NO,YES,NO,TRUE
SYN-R-0094,YES,YES,YES,NA_APPL,NO,TRUE
SYN-R-0203,YES,YES,NA_DK,NA_APPL,NA_APPL,TRUE
SYN-R-0104,YES,NA_DK,NO,YES,NO,TRUE
SYN-R-0018,YES,NO,NO,NA_APPL,NA_APPL,TRUE
SYN-R-0233,YES,NO,YES,NA_APPL,NO,TRUE
SYN-R-0172,YES,NA_DK,NA_DK,NA_APPL,NA_APPL,TRUE
SYN-R-0035,YES,NA_DK,YES,NA_APPL,NO,TRUE
SYN-R-0034,YES,NO,NO,NA_APPL,NA_APPL,TRUE
SYN-R-0108,YES,NA_DK,YES,YES,NA_APPL,TRUE
SYN-R-0140,YES,NO,YES,NO,NO,TRUE
SYN-R-0052,YES,NA_DK,NO,NO,YES,TRUE
SYN-R-0189,YES,NA_DK,NA_DK,NA_APPL,NO,TRUE
SYN-R-0175,YES,YES,NA_DK,NO,YES,TRUE
SYN-R-0113,YES,NO,NA_DK,NA_APPL,YES,TRUE
SYN-R-0216,YES,NO,NA_DK,NO,YES,TRUE
SYN-R-0166,YES,NA_DK,NO,NA_APPL,NA_APPL,TRUE
SYN-R-0084,YES,NA_DK,NO,NO,NA_APPL,TRUE
