research_id,task_status,ai_used_in_task,ai_used,synthetic_flag
SYN-R-0236,COMPLETE,NO,YES,TRUE
SYN-R-0108,COMPLETE,YES,NO,TRUE
SYN-R-0132,COMPLETE,NO,NO,TRUE
SYN-R-0088,COMPLETE,NO,UNSURE,TRUE
SYN-R-0169,COMPLETE,NO,YES,TRUE
SYN-R-0192,COMPLETE,YES,YES,TRUE
SYN-R-0110,COMPLETE,YES,YES,TRUE
SYN-R-0146,COMPLETE,YES,YES,TRUE
SYN-R-0208,COMPLETE,YES,NO,TRUE
SYN-R-0028,COMPLETE,NO,YES,TRUE
SYN-R-0218,COMPLETE,YES,YES,TRUE
SYN-R-0180,COMPLETE,YES,NO,TRUE
SYN-R-0211,COMPLETE,NO,YES,TRUE
SYN-R-0109,COMPLETE,YES,YES,TRUE
SYN-R-0134,COMPLETE,NO,YES,TRUE
SYN-R-0042,COMPLETE,NO,YES,TRUE
SYN-R-0033,COMPLETE,YES,NO,TRUE
SYN-R-0032,COMPLETE,NO,NO,TRUE
SYN-R-0167,COMPLETE,YES,YES,TRUE
SYN-R-0080,COMPLETE,NO,YES,TRUE
SYN-R-0140,COMPLETE,NO,UNSURE,TRUE
SYN-R-0025,COMPLETE,NO,YES,TRUE
SYN-R-0095,COMPLETE,YES,UNSURE,TRUE
SYN-R-0063,COMPLETE,NO,YES,TRUE
SYN-R-0170,COMPLETE,YES,NA_SKIP,TRUE
SYN-R-0193,COMPLETE,NO,YES,TRUE
SYN-R-0127,COMPLETE,NO,YES,TRUE
SYN-R-0055,COMPLETE,YES,YES,TRUE
SYN-R-0122,COMPLETE,NO,NO,TRUE
SYN-R-0158,COMPLETE,NO,YES,TRUE
SYN-R-0223,COMPLETE,YES,YES,TRUE
SYN-R-0116,COMPLETE,NO,YES,TRUE
SYN-R-0031,COMPLETE,YES,NO,TRUE
SYN-R-0210,COMPLETE,NO,YES,TRUE
SYN-R-0201,COMPLETE,NO,YES,TRUE
SYN-R-0123,COMPLETE,YES,YES,TRUE
SYN-R-0220,COMPLETE,NO,YES,TRUE
SYN-R-0054,COMPLETE,YES,NO,TRUE
SYN-R-0076,COMPLETE,NO,YES,TRUE
SYN-R-0064,COMPLETE,NO,NO,TRUE
SYN-R-0070,COMPLETE,NO,NO,TRUE
SYN-R-0226,COMPLETE,YES,UNSURE,TRUE
SYN-R-0185,COMPLETE,YES,UNSURE,TRUE
SYN-R-0126,COMPLETE,YES,NO,TRUE
SYN-R-0153,COMPLETE,NO,UNSURE,TRUE
SYN-R-0233,COMPLETE,YES,UNSURE,TRUE
SYN-R-0021,COMPLETE,NO,YES,TRUE
SYN-R-0136,COMPLETE,YES,YES,TRUE
SYN-R-0053,COMPLETE,YES,NA_SKIP,TRUE
SYN-R-0051,COMPLETE,NO,NO,TRUE
SYN-R-0125,COMPLETE,YES,NO,TRUE
SYN-R-0164,COMPLETE,YES,NO,TRUE
SYN-R-0047,COMPLETE,YES,UNSURE,TRUE
SYN-R-0174,COMPLETE,YES,YES,TRUE
SYN-R-0124,COMPLETE,NO,YES,TRUE
SYN-R-0119,COMPLETE,NO,YES,TRUE
