research_id,ai_used_in_task,ai_used,synthetic_flag
SYN-R-0054,YES,YES,TRUE
SYN-R-0058,YES,YES,TRUE
SYN-R-0030,YES,YES,TRUE
SYN-R-0117,NO,NA_APPL,TRUE
SYN-R-0213,YES,NO,TRUE
SYN-R-0109,NO,YES,TRUE
SYN-R-0022,YES,YES,TRUE
SYN-R-0035,YES,YES,TRUE
SYN-R-0238,YES,NO,TRUE
SYN-R-0044,NO,NO,TRUE
SYN-R-0140,NO,YES,TRUE
SYN-R-0175,YES,NA_APPL,TRUE
SYN-R-0031,NO,NA_APPL,TRUE
SYN-R-0178,NO,YES,TRUE
SYN-R-0176,YES,NO,TRUE
SYN-R-0102,YES,YES,TRUE
SYN-R-0158,YES,YES,TRUE
SYN-R-0092,YES,NA_SKIP,TRUE
SYN-R-0033,NO,NO,TRUE
SYN-R-0025,YES,YES,TRUE
SYN-R-0101,NO,UNSURE,TRUE
SYN-R-0199,YES,YES,TRUE
SYN-R-0015,NO,NO,TRUE
SYN-R-0167,YES,UNSURE,TRUE
SYN-R-0105,NO,NA_SKIP,TRUE
SYN-R-0146,YES,YES,TRUE
SYN-R-0014,NO,NA_SKIP,TRUE
SYN-R-0046,NO,YES,TRUE
SYN-R-0067,YES,NO,TRUE
SYN-R-0079,NO,NA_SKIP,TRUE
SYN-R-0018,NO,NA_APPL,TRUE
SYN-R-0085,NO,YES,TRUE
SYN-R-0093,YES,YES,TRUE
SYN-R-0173,NO,UNSURE,TRUE
SYN-R-0185,NO,YES,TRUE
SYN-R-0032,NO,UNSURE,TRUE
SYN-R-0219,YES,YES,TRUE
SYN-R-0240,YES,YES,TRUE
SYN-R-0024,NO,YES,TRUE
SYN-R-0120,YES,NO,TRUE
SYN-R-0005,YES,NO,TRUE
SYN-R-0163,YES,NO,TRUE
SYN-R-0029,NO,YES,TRUE
SYN-R-0065,YES,YES,TRUE
SYN-R-0006,NO,UNSURE,TRUE
SYN-R-0027,YES,NA_SKIP,TRUE
SYN-R-0144,YES,NA_SKIP,TRUE
SYN-R-0040,YES,NA_SKIP,TRUE
SYN-R-0212,NO,YES,TRUE
SYN-R-0026,YES,YES,TRUE
SYN-R-0183,YES,NA_SKIP,TRUE
SYN-R-0041,NO,UNSURE,TRUE
SYN-R-0091,NO,NO,TRUE
SYN-R-0001,YES,NA_SKIP,TRUE
SYN-R-0020,YES,YES,TRUE
SYN-R-0070,NO,NO,TRUE
SYN-R-0150,YES,YES,TRUE
SYN-R-0081,NO,YES,TRUE
SYN-R-0162,YES,YES,TRUE
SYN-R-0049,YES,YES,TRUE
SYN-R-0010,NO,YES,TRUE
SYN-R-0174,YES,YES,TRUE
SYN-R-0080,YES,YES,TRUE
SYN-R-0147,YES,YES,TRUE
SYN-R-0210,YES,YES,TRUE
SYN-R-0012,YES,YES,TRUE
SYN-R-0136,YES,YES,TRUE
SYN-R-0113,YES,YES,TRUE
SYN-R-0119,YES,NO,TRUE
SYN-R-0055,NO,NO,TRUE
SYN-R-0094,YES,YES,TRUE
SYN-R-0034,NO,YES,TRUE
SYN-R-0156,YES,NO,TRUE
SYN-R-0013,YES,YES,TRUE
SYN-R-0205,YES,YES,TRUE
SYN-R-0051,NO,YES,TRUE
SYN-R-0088,NO,NO,TRUE
SYN-R-0218,YES,UNSURE,TRUE
SYN-R-0204,YES,NO,TRUE
SYN-R-0181,YES,YES,TRUE
