synthetic_flag,task_participation_stages,count,proportion
TRUE,NA_SKIP,180,0.75
TRUE,DEFINE_QUESTION,5,0.020833333333333332
TRUE,FIND_OR_EVALUATE_SOURCES,4,0.016666666666666666
TRUE,INTERPRET_OR_LIMIT_CONCLUSION,3,0.0125
TRUE,COLLECT_OR_ORGANIZE_DATA,3,0.0125
TRUE,WRITE_OR_PRESENT,2,0.008333333333333333
TRUE,ANALYZE_DATA,2,0.008333333333333333
TRUE,DEFINE_QUESTION|INTERPRET_OR_LIMIT_CONCLUSION,2,0.008333333333333333
TRUE,COLLECT_OR_ORGANIZE_DATA|WRITE_OR_PRESENT,2,0.008333333333333333
TRUE,CHOOSE_OR_MODIFY_METHOD,2,0.008333333333333333
TRUE,ANALYZE_DATA|WRITE_OR_PRESENT,1,0.004166666666666667
TRUE,ANALYZE_DATA|FIND_OR_EVALUATE_SOURCES|WRITE_OR_PRESENT,1,0.004166666666666667
TRUE,FIND_OR_EVALUATE_SOURCES|CHOOSE_OR_MODIFY_METHOD|COLLECT_OR_ORGANIZE_DATA,1,0.004166666666666667
TRUE,INTERPRET_OR_LIMIT_CONCLUSION|COLLECT_OR_ORGANIZE_DATA|CHOOSE_OR_MODIFY_METHOD,1,0.004166666666666667
TRUE,INTERPRET_OR_LIMIT_CONCLUSION|CHOOSE_OR_MODIFY_METHOD|WRITE_OR_PRESENT,1,0.004166666666666667
TRUE,COLLECT_OR_ORGANIZE_DATA|INTERPRET_OR_LIMIT_CONCLUSION|CHOOSE_OR_MODIFY_METHOD,1,0.004166666666666667
TRUE,INTERPRET_OR_LIMIT_CONCLUSION|CHOOSE_OR_MODIFY_METHOD,1,0.004166666666666667
TRUE,ANALYZE_DATA|COLLECT_OR_ORGANIZE_DATA|FIND_OR_EVALUATE_SOURCES,1,0.004166666666666667
TRUE,INTERPRET_OR_LIMIT_CONCLUSION|WRITE_OR_PRESENT,1,0.004166666666666667
TRUE,WRITE_OR_PRESENT|COLLECT_OR_ORGANIZE_DATA|ANALYZE_DATA,1,0.004166666666666667
TRUE,ANALYZE_DATA|FIND_OR_EVALUATE_SOURCES,1,0.004166666666666667
TRUE,COLLECT_OR_ORGANIZE_DATA|DEFINE_QUESTION|FIND_OR_EVALUATE_SOURCES,1,0.004166666666666667
TRUE,COLLECT_OR_ORGANIZE_DATA|FIND_OR_EVALUATE_SOURCES|DEFINE_QUESTION,1,0.004166666666666667
TRUE,WRITE_OR_PRESENT|DEFINE_QUESTION|COLLECT_OR_ORGANIZE_DATA,1,0.004166666666666667
TRUE,ANALYZE_DATA|COLLECT_OR_ORGANIZE_DATA|INTERPRET_OR_LIMIT_CONCLUSION,1,0.004166666666666667
TRUE,FIND_OR_EVALUATE_SOURCES|ANALYZE_DATA|INTERPRET_OR_LIMIT_CONCLUSION,1,0.004166666666666667
TRUE,ANALYZE_DATA|INTERPRET_OR_LIMIT_CONCLUSION|WRITE_OR_PRESENT,1,0.004166666666666667
TRUE,COLLECT_OR_ORGANIZE_DATA|FIND_OR_EVALUATE_SOURCES,1,0.004166666666666667
TRUE,COLLECT_OR_ORGANIZE_DATA|INTERPRET_OR_LIMIT_CONCLUSION|FIND_OR_EVALUATE_SOURCES,1,0.004166666666666667
TRUE,CHOOSE_OR_MODIFY_METHOD|COLLECT_OR_ORGANIZE_DATA|DEFINE_QUESTION,1,0.004166666666666667
TRUE,FIND_OR_EVALUATE_SOURCES|CHOOSE_OR_MODIFY_METHOD|INTERPRET_OR_LIMIT_CONCLUSION,1,0.004166666666666667
TRUE,COLLECT_OR_ORGANIZE_DATA|CHOOSE_OR_MODIFY_METHOD|ANALYZE_DATA,1,0.004166666666666667
TRUE,COLLECT_OR_ORGANIZE_DATA|FIND_OR_EVALUATE_SOURCES|WRITE_OR_PRESENT,1,0.004166666666666667
TRUE,DEFINE_QUESTION|CHOOSE_OR_MODIFY_METHOD,1,0.004166666666666667
TRUE,DEFINE_QUESTION|CHOOSE_OR_MODIFY_METHOD|INTERPRET_OR_LIMIT_CONCLUSION,1,0.004166666666666667
TRUE,CHOOSE_OR_MODIFY_METHOD|DEFINE_QUESTION,1,0.004166666666666667
TRUE,ANALYZE_DATA|INTERPRET_OR_LIMIT_CONCLUSION|COLLECT_OR_ORGANIZE_DATA,1,0.004166666666666667
TRUE,DEFINE_QUESTION|WRITE_OR_PRESENT,1,0.004166666666666667
TRUE,ANALYZE_DATA|WRITE_OR_PRESENT|COLLECT_OR_ORGANIZE_DATA,1,0.004166666666666667
TRUE,CHOOSE_OR_MODIFY_METHOD|INTERPRET_OR_LIMIT_CONCLUSION,1,0.004166666666666667
TRUE,CHOOSE_OR_MODIFY_METHOD|INTERPRET_OR_LIMIT_CONCLUSION|COLLECT_OR_ORGANIZE_DATA,1,0.004166666666666667
TRUE,CHOOSE_OR_MODIFY_METHOD|WRITE_OR_PRESENT,1,0.004166666666666667
TRUE,FIND_OR_EVALUATE_SOURCES|WRITE_OR_PRESENT,1,0.004166666666666667
TRUE,INTERPRET_OR_LIMIT_CONCLUSION|ANALYZE_DATA,1,0.004166666666666667
TRUE,WRITE_OR_PRESENT|FIND_OR_EVALUATE_SOURCES|CHOOSE_OR_MODIFY_METHOD,1,0.004166666666666667
