synthetic_flag,research_experience_group,dimension,descriptive_mean
TRUE,COURSE,problem_definition,1.0
TRUE,INNOVATION,problem_definition,1.1666666666666667
TRUE,MENTOR_PROJECT,problem_definition,1.4166666666666667
TRUE,NONE,problem_definition,1.1333333333333333
TRUE,OTHER,problem_definition,1.4
TRUE,SURVEY,problem_definition,1.0
TRUE,COURSE,information_evaluation,1.0384615384615385
TRUE,INNOVATION,information_evaluation,1.3333333333333333
TRUE,MENTOR_PROJECT,information_evaluation,1.1666666666666667
TRUE,NONE,information_evaluation,1.0666666666666667
TRUE,OTHER,information_evaluation,1.4
TRUE,SURVEY,information_evaluation,1.0
TRUE,COURSE,method_fit,1.1538461538461537
TRUE,INNOVATION,method_fit,0.9166666666666666
TRUE,MENTOR_PROJECT,method_fit,1.1666666666666667
TRUE,NONE,method_fit,1.0666666666666667
TRUE,OTHER,method_fit,1.0
TRUE,SURVEY,method_fit,1.0
TRUE,COURSE,limitation_boundary,1.0
TRUE,INNOVATION,limitation_boundary,1.0
TRUE,MENTOR_PROJECT,limitation_boundary,1.0833333333333333
TRUE,NONE,limitation_boundary,1.2
TRUE,OTHER,limitation_boundary,1.6
TRUE,SURVEY,limitation_boundary,1.0
TRUE,COURSE,independent_decision,1.0384615384615385
TRUE,INNOVATION,independent_decision,1.25
TRUE,MENTOR_PROJECT,independent_decision,0.9166666666666666
TRUE,NONE,independent_decision,0.8666666666666667
TRUE,OTHER,independent_decision,1.0
TRUE,SURVEY,independent_decision,1.1
TRUE,COURSE,reasoning_quality,1.0769230769230769
TRUE,INNOVATION,reasoning_quality,1.0833333333333333
TRUE,MENTOR_PROJECT,reasoning_quality,1.0
TRUE,NONE,reasoning_quality,1.8
TRUE,OTHER,reasoning_quality,1.4
TRUE,SURVEY,reasoning_quality,1.2
