synthetic_flag,ai_used_in_task,dimension,descriptive_mean
TRUE,NO,problem_definition,1.206896551724138
TRUE,YES,problem_definition,1.0740740740740742
TRUE,NO,information_evaluation,1.0344827586206897
TRUE,YES,information_evaluation,1.1111111111111112
TRUE,NO,method_fit,1.1724137931034482
TRUE,YES,method_fit,1.2592592592592593
TRUE,NO,limitation_boundary,1.1379310344827587
TRUE,YES,limitation_boundary,1.1481481481481481
TRUE,NO,independent_decision,1.1379310344827587
TRUE,YES,independent_decision,1.1851851851851851
TRUE,NO,reasoning_quality,1.2758620689655173
TRUE,YES,reasoning_quality,1.0740740740740742
