synthetic_flag,recent_task_type,dimension,descriptive_mean
TRUE,COMPETITION_RESEARCH,problem_definition,0.5
TRUE,COURSE_RESEARCH,problem_definition,0.0
TRUE,COURSE_SURVEY_REPORT,problem_definition,1.0
TRUE,INNOVATION_PROJECT,problem_definition,1.0
TRUE,MENTOR_PROJECT,problem_definition,1.25
TRUE,NA_SKIP,problem_definition,1.1282051282051282
TRUE,OTHER_RESEARCH_TASK,problem_definition,0.5
TRUE,COMPETITION_RESEARCH,information_evaluation,1.0
TRUE,COURSE_RESEARCH,information_evaluation,0.0
TRUE,COURSE_SURVEY_REPORT,information_evaluation,1.0
TRUE,INNOVATION_PROJECT,information_evaluation,1.25
TRUE,MENTOR_PROJECT,information_evaluation,1.5
TRUE,NA_SKIP,information_evaluation,1.1282051282051282
TRUE,OTHER_RESEARCH_TASK,information_evaluation,0.0
TRUE,COMPETITION_RESEARCH,method_fit,1.0
TRUE,COURSE_RESEARCH,method_fit,2.0
TRUE,COURSE_SURVEY_REPORT,method_fit,1.0
TRUE,INNOVATION_PROJECT,method_fit,1.0
TRUE,MENTOR_PROJECT,method_fit,1.0
TRUE,NA_SKIP,method_fit,1.0256410256410255
TRUE,OTHER_RESEARCH_TASK,method_fit,2.0
TRUE,COMPETITION_RESEARCH,limitation_boundary,1.5
TRUE,COURSE_RESEARCH,limitation_boundary,1.0
TRUE,COURSE_SURVEY_REPORT,limitation_boundary,1.1666666666666667
TRUE,INNOVATION_PROJECT,limitation_boundary,1.0
TRUE,MENTOR_PROJECT,limitation_boundary,1.0
TRUE,NA_SKIP,limitation_boundary,1.0769230769230769
TRUE,OTHER_RESEARCH_TASK,limitation_boundary,1.5
TRUE,COMPETITION_RESEARCH,independent_decision,1.5
TRUE,COURSE_RESEARCH,independent_decision,1.0
TRUE,COURSE_SURVEY_REPORT,independent_decision,1.0
TRUE,INNOVATION_PROJECT,independent_decision,1.25
TRUE,MENTOR_PROJECT,independent_decision,1.0
TRUE,NA_SKIP,independent_decision,0.8974358974358975
TRUE,OTHER_RESEARCH_TASK,independent_decision,1.0
