synthetic_flag,in_task_subsample,year_of_study,count,variable,research_experience_type,ai_used,school_type
TRUE,False,YEAR_1,42,year_of_study,,,
TRUE,False,YEAR_2,37,year_of_study,,,
TRUE,False,YEAR_3,41,year_of_study,,,
TRUE,False,YEAR_4,40,year_of_study,,,
TRUE,True,YEAR_1,15,year_of_study,,,
TRUE,True,YEAR_2,30,year_of_study,,,
TRUE,True,YEAR_3,15,year_of_study,,,
TRUE,True,YEAR_4,20,year_of_study,,,
TRUE,False,,52,research_experience_type,COURSE,,
TRUE,False,,24,research_experience_type,INNOVATION,,
TRUE,False,,21,research_experience_type,MENTOR_PROJECT,,
TRUE,False,,21,research_experience_type,NONE,,
TRUE,False,,16,research_experience_type,OTHER,,
TRUE,False,,26,research_experience_type,SURVEY,,
TRUE,True,,26,research_experience_type,COURSE,,
TRUE,True,,13,research_experience_type,INNOVATION,,
TRUE,True,,14,research_experience_type,MENTOR_PROJECT,,
TRUE,True,,7,research_experience_type,NONE,,
TRUE,True,,5,research_experience_type,OTHER,,
TRUE,True,,15,research_experience_type,SURVEY,,
TRUE,False,,16,ai_used,,NA_SKIP,
TRUE,False,,37,ai_used,,NO,
TRUE,False,,17,ai_used,,UNSURE,
TRUE,False,,90,ai_used,,YES,
TRUE,True,,3,ai_used,,NA_SKIP,
TRUE,True,,22,ai_used,,NO,
TRUE,True,,10,ai_used,,UNSURE,
TRUE,True,,45,ai_used,,YES,
TRUE,False,,54,school_type,,,FINANCE_SPECIALIZED
TRUE,False,,56,school_type,,,NA_REFUSE
TRUE,False,,50,school_type,,,OTHER_WITH_RELATED_MAJOR
TRUE,True,,26,school_type,,,FINANCE_SPECIALIZED
TRUE,True,,29,school_type,,,NA_REFUSE
TRUE,True,,25,school_type,,,OTHER_WITH_RELATED_MAJOR
